company_id,序号,公司名称,公司别名,企业等级,公司官网,官网已验证,成都办公地点,province,city,district,location_text,location_confidence,所属行业,企业来源,招聘入口名称,招聘入口URL,source_type_code,source_type_label,招聘系统类型,source_tier,是否官方来源,official_source,含成都岗位,当前职位数量,job_count_confidence,职位样本数,status_code,status_label,招聘来源状态,verification_level,verification_method,record_category,最后验证日期,证据链接,职位复检结果,分级理由,备注
CD0118,118,成都阿加犀智能科技有限公司,阿加犀智能｜阿加犀｜AidLux,A,https://www.aidlux.com,是,成都市武侯区,四川省,成都市,武侯区,成都市武侯区,confirmed,人工智能与大数据,搜索引擎公开检索|企业官网,加入我们,https://www.aidlux.com/about/join,official_careers_page,企业官网自建招聘页,企业官网自建招聘页,official_company,是,true,是,,not_available,7,active,有效（当前有可见职位）,有效（当前有可见职位）,direct_job_observed,direct_page_visit,official_active,2026-09-26,https://www.aidlux.com/about/join｜https://www.aidlux.com,,官方来源明确；本次抽到 7 条成都职位（其中 0 条详情页）,官网招聘页岗位未逐条标注工作城市，成都工作地按公司主体所在地与高校就业网发布的官方校招信息推定，职位 location_confidence 记为 inferred；简历投递入口为页面内『投递简历』按钮与 hr@aidlux.com
CD0119,119,成都超有爱科技有限公司,百词斩｜超有爱科技｜baicizhan｜薄荷阅读,A,https://www.baicizhan.com,是,成都市天府新区/武侯区（总部位于成都天府软件园，官方校招页写明『公司所在地: 成都』）,四川省,成都市,高新区,成都市天府新区/武侯区（总部位于成都天府软件园，官方校招页写明『公司所在地: 成都』）,confirmed,软件与互联网服务,搜索引擎公开检索|企业官网,百词斩校园招聘,https://www.baicizhan.com/mobile/campus.html,official_careers_page,企业官网自建招聘页,企业官网自建招聘页,official_company,是,true,是,,not_available,8,active,有效（当前有可见职位）,有效（当前有可见职位）,direct_job_observed,direct_page_visit,official_active,2026-09-26,https://www.baicizhan.com/mobile/campus.html,,官方来源明确；本次抽到 8 条成都职位（其中 0 条详情页）,校招页未逐职位标注城市，成都工作地依据官方页面『公司所在地: 成都』表述；页面未提供逐职位详情链接，职位 URL 记为校招页；本次按每家最多8条取前8个职位
CD0120,120,成都医云科技有限公司,医联｜Medlinker,B,https://www.medlinker.com,是,成都市高新区（天府软件园B区6栋二楼，该地址来自第三方招聘平台引用，官网招聘页本次未列出成都地址）,四川省,成都市,高新区,成都市高新区（天府软件园B区6栋二楼，该地址来自第三方招聘平台引用，官网招聘页本次未列出成都地址）,confirmed,软件与互联网服务,搜索引擎公开检索|企业官网,加入医联-HR招聘,https://medlinker.com/join/hr,official_careers_page,企业官网自建招聘页,企业官网自建招聘页,official_company,是,true,否,,not_available,0,active,有效（当前有可见职位）,有效（当前有可见职位）,direct_job_observed,direct_page_visit|search_engine_evidence,official_active,2026-09-26,https://medlinker.com/join/hr,,官方来源明确；官方页面有可见招聘信息但未取到具体职位,官网招聘页当前展示8个职位，工作地分别标注北京、深圳、上海、全国，无成都岗位，故 has_chengdu_jobs=false 且不产出成都职位样本；该页面职位发布日期显示为 2024.1.19，时效性需人工复核；成都办公地址未在官网直接核实，仅见于第三方平台引用，故不计入官方证据
CD0121,121,四川锦云数智信息技术有限公司,锦云数智｜jinyunsz,A,http://jinyunsz.com,是,成都市（官网招聘页岗位工作地点列明确写『成都』，区/街道未在官网核实）,四川省,成都市,（未在官网确认）,成都市（官网招聘页岗位工作地点列明确写『成都』，区/街道未在官网核实）,confirmed,软件与互联网服务,搜索引擎公开检索|企业官网,加入我们,http://jinyunsz.com/channels/195.html,official_careers_page,企业官网自建招聘页,企业官网自建招聘页,official_company,是,true,是,,not_available,3,active,有效（当前有可见职位）,有效（当前有可见职位）,direct_job_observed,direct_page_visit,official_active,2026-09-26,http://jinyunsz.com/channels/195.html,,官方来源明确；本次抽到 3 条成都职位（其中 0 条详情页）,公司自述成立于2016年，主营信创基础软件、AI大模型与数字人、公有云/私有云及IT运维项目；页面未逐职位提供详情链接，职位 URL 记为招聘列表页；官网未展示具体办公地址
CD0122,122,成都海艺智创科技有限公司,海艺互娱｜海艺科技｜SeaArt｜海艺AI,A,https://home.haiyi.art,是,成都市天府新区（中海财富中心/天府海创园，官网资讯与招聘公告均指向成都）,四川省,成都市,天府新区,成都市天府新区（中海财富中心/天府海创园，官网资讯与招聘公告均指向成都）,confirmed,人工智能与大数据,搜索引擎公开检索|企业官网,海艺校园招聘（Moka 专属 ATS）,https://app.mokahr.com/campus-recruitment/haiyi/150699?locale=zh-CN,official_ats_third_party_hosted,企业专属官方ATS,企业专属官方ATS,official_ats,是,true,是,,not_available,0,active,有效（当前有可见职位）,有效（当前有可见职位）,listing_count_observed,direct_page_visit|search_engine_evidence,official_active,2026-09-26,https://app.mokahr.com/campus-recruitment/haiyi/150699?locale=zh-CN｜https://home.haiyi.art,,官方来源明确；官方页面有可见招聘信息但未取到具体职位,Moka 校招站仅渲染出职位分类与数量（产品运营类共5个、内容创作类共3个、研发算法类共9个、职能支撑类共1个、星海人才计划-研究课题方向共5个），未渲染出逐职位名称与城市，故本次不产出职位样本；社招入口为 https://app.mokahr.com/recommendation-apply/haiyi ；官网右上角 MENU+ 内的『招聘信息』未能取得稳定直链（/recruitment 返回404）
CD0123,123,中移（成都）信息通信科技有限公司,中国移动成都产业研究院｜中移成研院｜中国移动(成都)产业研究院,A,https://www.cdcyy.cn,否,成都市高新区（交子大道575号J座/新通大道1333号，来自高校就业网公示，官网本次访问失败）,四川省,成都市,高新区,成都市高新区（交子大道575号J座/新通大道1333号，来自高校就业网公示，官网本次访问失败）,confirmed,软件与互联网服务,搜索引擎公开检索|企业官网,中国移动招聘网站-成都产业研究院,https://job.10086.cn/personal/campus/campus_job_list.html?cId=91,group_unified_recruitment,集团统一招聘平台,集团统一招聘平台,group_career_site,是,true,是,8,confirmed,8,active,有效（当前有可见职位）,有效（当前有可见职位）,direct_job_observed,direct_page_visit,official_active,2026-09-26,https://job.10086.cn/personal/campus/campus_job_list.html?cId=91｜https://job.10086.cn/personal/campus/,,官方来源明确；本次抽到 8 条成都职位（其中 8 条详情页）,企业主体官网 www.cdcyy.cn 本次访问失败（website_verified=否），招聘入口使用中国移动集团统一招聘平台，属于集团官方招聘平台；8条职位均带详情页直链，招聘类型为2027届校园招聘
CD0124,124,时时同云科技（成都）有限责任公司,客如云｜keruyun｜美味不用等,A,https://www.keruyun.com,是,成都市高新区（益州大道1999号15栋8层801号，工商注册地；招聘系统职位标注『四川省-成都市』）,四川省,成都市,高新区,成都市高新区（益州大道1999号15栋8层801号，工商注册地；招聘系统职位标注『四川省-成都市』）,confirmed,软件与互联网服务,搜索引擎公开检索|企业官网,时时同云招聘系统（keruyun.zhiye.com）,https://keruyun.zhiye.com/home,official_ats_third_party_hosted,企业专属官方ATS,企业专属官方ATS,official_ats,是,true,是,,not_available,12,active,有效（当前有可见职位）,有效（当前有可见职位）,direct_job_observed,direct_page_visit,official_active,2026-09-26,https://keruyun.zhiye.com/home｜https://keruyun.zhiye.com/zpdetail/230805722｜https://keruyun.zhiye.com/zpdetail/230805650,,官方来源明确；本次抽到 12 条成都职位（其中 12 条详情页）,招聘系统首页展示6个热招职位与3个长招职位，本次仅对其中2条打开了详情页并确认工作地为成都，其余职位城市未逐条核实，故只产出2条职位样本；全部职位列表见 https://keruyun.zhiye.com/alljob/?o=2
CD0125,125,杭州安恒信息技术股份有限公司（成都）,安恒信息｜DBAPPSecurity｜688023,B,https://www.dbappsecurity.com.cn,否,成都市（设有成都研发/办公机构，具体地址未在官方招聘页核实）,四川省,成都市,（未在官网确认）,成都市（设有成都研发/办公机构，具体地址未在官方招聘页核实）,confirmed,软件与互联网服务,搜索引擎公开检索|企业官网,安恒信息招聘,https://ahzp.dbappsecurity.com.cn/,official_ats_third_party_hosted,企业专属官方ATS,企业专属官方ATS,official_ats,是,true,否,,unknown,0,needs_manual_review,需人工复核,需人工复核,manual_review_required,direct_page_visit|search_engine_evidence,manual_review,2026-09-26,https://ahzp.dbappsecurity.com.cn/,,官方来源明确,招聘系统首页为JS渲染，静态抓取未取得职位列表，未在官方页面直接读到成都岗位，故 has_chengdu_jobs=false、不产出职位样本；集团主站 www.dbappsecurity.com.cn 本次未打开，website_verified=否。成都岗位信息目前仅有第三方来源，需人工到官方招聘系统复核
CD0126,126,成都链安科技有限公司,成都链安｜Beosin｜Beosin成都链安,A,https://www.lianantech.com,是,成都市高新区（天府软件园，官网岗位标注『四川成都』）,四川省,成都市,高新区,成都市高新区（天府软件园，官网岗位标注『四川成都』）,confirmed,软件与互联网服务,搜索引擎公开检索|企业官网,官网首页-招聘岗位,https://www.lianantech.com,official_careers_page,企业官网自建招聘页,企业官网自建招聘页,official_company,是,true,是,,not_available,3,active,有效（当前有可见职位）,有效（当前有可见职位）,direct_job_observed,direct_page_visit,official_active,2026-09-26,https://www.lianantech.com,,官方来源明确；本次抽到 3 条成都职位（其中 0 条详情页）,招聘信息展示在官网首页『招聘岗位』板块，未发现独立职位详情页链接，职位 URL 记为企业招聘首页；另一岗位『GA业务销售经理』标注为『全国』，未计入成都职位
CD0127,127,成都数据集团股份有限公司,成都数据集团｜CDBData｜成都市大数据集团,A,https://www.cdbdata.cn,是,成都市锦江区（2026年4月市场化选聘公告写明工作地点『成都市锦江区』）,四川省,成都市,锦江区,成都市锦江区（2026年4月市场化选聘公告写明工作地点『成都市锦江区』）,confirmed,人工智能与大数据,搜索引擎公开检索|企业官网,员工招聘-招聘公告,https://www.cdbdata.cn/job.thtml?t=1309&cid=1,official_careers_page,企业官网自建招聘页,企业官网自建招聘页,official_company,是,true,是,,not_available,1,active,有效（当前有可见职位）,有效（当前有可见职位）,direct_job_observed,direct_page_visit,official_active,2026-09-26,https://www.cdbdata.cn/job.thtml?t=1309&cid=1｜https://www.cdbdata.cn/jobinfo.thtml?t=1309&cid=78572&pn=｜https://www.cdbdata.cn/jobinfo.thtml?t=1309&cid=101179&pn=,,官方来源明确；本次抽到 1 条成都职位（其中 1 条详情页）,2026年9月社招公告的具体岗位名称放在PDF附件《岗位信息表》中，本次未能抽取文本，故职位样本取自官网可直接阅读的2026年4月市场化选聘公告（报名已于2026年5月23日截止）；2026年9月公告涉及成都房联云码科技、成都超算中心运营管理两家所属企业
CD0128,128,中科创达软件股份有限公司（成都研发中心）,中科创达｜ThunderSoft｜300496,A,https://www.thundersoft.com,是,成都市（设有成都研发中心，具体园区地址未在官方招聘页核实）,四川省,成都市,（未在官网确认）,成都市（设有成都研发中心，具体园区地址未在官方招聘页核实）,confirmed,软件与互联网服务,搜索引擎公开检索|企业官网,2026 校园招聘,https://www.thundersoft.com/careers/campus,official_careers_page,企业官网自建招聘页,企业官网自建招聘页,official_company,是,true,是,,not_available,2,active,有效（当前有可见职位）,有效（当前有可见职位）,direct_job_observed,direct_page_visit,official_active,2026-09-26,https://www.thundersoft.com/careers/campus｜https://www.thundersoft.com/xiaozhao/,,官方来源明确；本次抽到 2 条成都职位（其中 0 条详情页）,官网校招页岗位以城市列表形式展示，未提供逐职位详情页链接；算法/产品/设计/解决方案岗位本次未标注成都
CD0129,129,深信服科技股份有限公司（成都）,深信服｜Sangfor｜300454,A,https://www.sangfor.com,是,成都市（官方校招岗位工作城市含成都，具体办公地址未在招聘页标注）,四川省,成都市,（未在官网确认）,成都市（官方校招岗位工作城市含成都，具体办公地址未在招聘页标注）,confirmed,软件与互联网服务,搜索引擎公开检索|企业官网,深信服招聘（校园招聘）,https://hr.sangfor.com/schoolRecruitment,official_ats_third_party_hosted,企业专属官方ATS,企业专属官方ATS,official_ats,是,true,是,,not_available,1,active,有效（当前有可见职位）,有效（当前有可见职位）,direct_job_observed,direct_page_visit,official_active,2026-09-26,https://hr.sangfor.com/schoolRecruitment,,官方来源明确；本次抽到 1 条成都职位（其中 0 条详情页）,本次仅『技术研发工程师（AI潜力方向）』在官方页面标注含成都；其余在招岗位（客户经理、售前产品经理、FAE、安全服务等）标注为全国大中城市或深圳/长沙，未计入成都职位。历史页 hr.sangfor.com/campucompon/Delivery/4099（25届C/C++）亦曾标注成都市，本次不作为样本
CD0130,130,奇安信科技集团股份有限公司（成都）,奇安信｜Qianxin｜688561｜奇安信天工实验室,A,https://www.qianxin.com,是,成都市（官方招聘页岗位工作城市含成都，具体办公地址未在招聘页标注）,四川省,成都市,（未在官网确认）,成都市（官方招聘页岗位工作城市含成都，具体办公地址未在招聘页标注）,confirmed,软件与互联网服务,搜索引擎公开检索|企业官网,奇安信校园招聘-招聘岗位,https://www.qianxin.com/campus/internJobSearch,official_careers_page,企业官网自建招聘页,企业官网自建招聘页,official_company,是,true,是,,not_available,4,active,有效（当前有可见职位）,有效（当前有可见职位）,direct_job_observed,direct_page_visit,official_active,2026-09-26,https://www.qianxin.com/campus/internJobSearch｜https://poc.qianxin.com/join-us｜https://campus.qianxin.com/,,官方来源明确；本次抽到 4 条成都职位（其中 2 条详情页）,两个官方页面均未逐职位提供详情页直链，职位 URL 记为对应官方列表页；另有 campus.qianxin.com 为企业校招官网
CD0131,131,科大讯飞股份有限公司（成都）,科大讯飞｜iFlytek｜002230,B,https://www.iflytek.com,否,成都市（设有成都办公/研发机构，具体地址未在官方招聘页核实）,四川省,成都市,（未在官网确认）,成都市（设有成都办公/研发机构，具体地址未在官方招聘页核实）,confirmed,人工智能与大数据,搜索引擎公开检索|企业官网,科大讯飞招聘（专属 ATS）,https://iflytek.zhiye.com/campus/jobs,official_ats_third_party_hosted,企业专属官方ATS,企业专属官方ATS,official_ats,是,true,否,,unknown,0,needs_manual_review,需人工复核,需人工复核,manual_review_required,direct_page_visit|search_engine_evidence,manual_review,2026-09-26,https://iflytek.zhiye.com/campus/jobs｜https://campus.iflytek.com/,,官方来源明确,本次访问 iflytek.zhiye.com/campus/jobs 与 campus.iflytek.com/campus/jobs 均由JS动态渲染，静态抓取未取得当前在招职位列表，因此未采集职位样本，也未在官方页面直接确认成都岗位；集团主站 www.iflytek.com 本次未打开，website_verified 记为否
CD0132,132,新华三技术有限公司（成都研究所）,新华三｜H3C｜新华三集团,B,https://www.h3c.com,是,成都市（设有成都研究所，具体地址未在官方招聘页核实）,四川省,成都市,（未在官网确认）,成都市（设有成都研究所，具体地址未在官方招聘页核实）,confirmed,通信与网络设备,搜索引擎公开检索|企业官网,新华三集团招聘,https://career.h3c.com,official_careers_page,企业官网自建招聘页,企业官网自建招聘页,official_company,是,true,否,,unknown,0,needs_manual_review,需人工复核,需人工复核,manual_review_required,direct_page_visit|search_engine_evidence,manual_review,2026-09-26,https://career.h3c.com｜https://career.h3c.com/campus/jobs,,官方来源明确,本次访问 career.h3c.com/campus/jobs 返回『暂无热招职位』、career.h3c.com/h3c/position/index 返回『页面不存在』，职位列表为JS动态渲染，未能在官方页面直接读到成都岗位，故未采集职位样本、has_chengdu_jobs 记为 false；成都信息来自高校转载的企业校招通稿，非官方页面直证
CD0133,133,成都中科大旗软件股份有限公司,中科大旗｜大旗软件｜daqsoft,A,https://www.daqsoft.com,是,成都市高新区（公司总部位于中国成都AI创新中心B区）,四川省,成都市,高新区,成都市高新区（公司总部位于中国成都AI创新中心B区）,confirmed,软件与互联网服务,搜索引擎公开检索|企业官网,关于我们-加入我们,https://www.daqsoft.com/join-us.html?code=gywm&channelCode=jrwm,official_careers_page,企业官网自建招聘页,企业官网自建招聘页,official_company,是,true,是,,not_available,8,active,有效（当前有可见职位）,有效（当前有可见职位）,direct_job_observed,direct_page_visit,official_active,2026-09-26,https://www.daqsoft.com/join-us.html?code=gywm&channelCode=jrwm｜https://www.daqsoft.com/contact-us.html?code=gywm&channelCode=lxwm,,官方来源明确；本次抽到 8 条成都职位（其中 0 条详情页）,官网职位发布日期统一显示 2022-11-08，页面未更新时限说明，招聘信息时效性需人工复核；页面未给出逐职位详情链接，职位 URL 记为招聘列表页
CD0134,134,成都赤轮动画设计有限公司,赤轮动画｜CGTURBO｜cgturbo,A,http://www.cgturbo.cn,是,成都市（官网招聘页以「成都赤轮动画设计有限公司」署名，并称「成都赤轮是国内专业游戏美术外包企业」；具体办公地址未在页面披露）,四川省,成都市,,成都市（官网招聘页以「成都赤轮动画设计有限公司」署名，并称「成都赤轮是国内专业游戏美术外包企业」；具体办公地址未在页面披露）,confirmed,数字内容,搜索引擎公开检索|企业官网,人才招聘（cgturbo.cn 加入我们）,http://www.cgturbo.cn/index.php?c=category&id=16,official_careers_page,企业官网自建招聘页,企业官网自建招聘页,official_company,是,true,是,3,confirmed,3,active,有效（当前有可见职位）,有效（当前有可见职位）,direct_job_observed,direct_page_visit,official_active,2026-09-26,http://www.cgturbo.cn/index.php?c=category&id=16,,官方来源明确；本次抽到 3 条成都职位（其中 0 条详情页）,游戏美术外包企业（2015年成立，主攻次世代角色/场景）。官网「人才招聘」栏目列出 3 个在招岗位，简历投递邮箱 hr@cgturbo.cn。页面未逐条标注工作城市，成都归属为推定（location_confidence=inferred）。
CD0135,135,成都品果科技有限公司,Camera360｜品果科技｜Pinguo,A,https://www.camera360.com,是,中国四川省成都市（官网首页写明「公司总部位于中国四川省成都市」）,四川省,成都市,,中国四川省成都市（官网首页写明「公司总部位于中国四川省成都市」）,confirmed,数字内容,搜索引擎公开检索|企业官网,Camera360 加入我们（hr.camera360.com）,http://hr.camera360.com/,official_careers_page,企业官网自建招聘页,企业官网自建招聘页,official_company,是,true,是,,not_available,2,active,有效（当前有可见职位）,有效（当前有可见职位）,direct_job_observed,direct_page_visit,official_active,2026-09-26,http://hr.camera360.com/｜https://www.camera360.com/｜https://hr.camera360.com/positionDetail.html?id=61df9ec36170823b0ab66873&channel=school｜https://hr.camera360.com/positionDetail.html?id=684d91816170828e14b66a4f&channel=school,,官方来源明确；本次抽到 2 条成都职位（其中 2 条详情页）,移动影像/视觉创意产品公司（产品 Camera360、Blurrr、MIX、最美证件照等）。企业自有招聘站 hr.camera360.com，职位详情页形如 hr.camera360.com/positionDetail.html?id=xxx&channel=school。当前可见职位以实习/校招为主（市场、设计、KOL运营、内容运营），工作地点明确为成都。
CD0136,136,成都锐拓传媒广告有限公司,锐拓传媒｜RIGHTOL｜rightol,A,https://www.rightol.com,是,成都市青羊区日月大道一段1501号万和中心2栋1609号（工作地址来自高校就业网转载的企业招聘公告，官网职位页城市字段为空）,四川省,成都市,青羊区,成都市青羊区日月大道一段1501号万和中心2栋1609号（工作地址来自高校就业网转载的企业招聘公告，官网职位页城市字段为空）,confirmed,数字内容,搜索引擎公开检索|企业官网,锐拓传媒招聘官网（rightol.com/info/hr）,https://www.rightol.com/info/hr,official_careers_page,企业官网自建招聘页,企业官网自建招聘页,official_company,是,true,是,,not_available,1,active,有效（当前有可见职位）,有效（当前有可见职位）,direct_job_observed,direct_page_visit,official_active,2026-09-26,https://www.rightol.com/info/hr｜https://www.rightol.com/info/hr/HR260211135913365-202.html｜https://www.rightol.com/info/hr/HR251110152019576-201.html｜https://www.scfai.edu.cn/xsc/info/1015/14102.htm,,官方来源明确；本次抽到 1 条成都职位（其中 1 条详情页）,主营短视频、短剧、漫剧开发制作与版权运营的数字内容公司。官网自建招聘频道 rightol.com/info/hr，分「校园招聘」「社会招聘」两栏；本次核验时校园招聘可见 7 个职位、社会招聘显示「暂无职位！」。职位详情页的工作地点字段为空，成都归属为推定（location_confidence=inferred）。
CD0137,137,成都潮我看文化传媒有限公司,OST传媒｜OST娱乐｜四川原声无限文化传媒集团,A,https://www.ostmcn.com,否,成都市锦江区红豆树街77号 OST新媒体产业园（总部）；孵化基地位于锦江区红豆树街109号5层1号,四川省,成都市,锦江区,成都市锦江区红豆树街77号 OST新媒体产业园（总部）；孵化基地位于锦江区红豆树街109号5层1号,confirmed,数字内容,搜索引擎公开检索|企业官网,OST传媒 AI创作者灵活用工直招（cwkwh.com）,https://www.cwkwh.com/index.html,official_careers_page,企业官网自建招聘页,企业官网自建招聘页,official_company,是,true,是,6,confirmed,6,active,有效（当前有可见职位）,有效（当前有可见职位）,direct_job_observed,direct_page_visit,official_active,2026-09-26,https://www.cwkwh.com/index.html｜https://www.ostmcn.com/page/2.html｜https://www.ostmcn.com/,,官方来源明确；本次抽到 6 条成都职位（其中 0 条详情页）,大型直播+MCN 内容机构（2017年成立，签约达人5000+）。官方直招站 cwkwh.com 自称 OST传媒并披露公司主体与地址，列出 6 个 AIGC 创作类岗位，但岗位标注「地点灵活·可远程」「全国·远程可做」，因此工作地按推定（location_confidence=inferred）。官网主站 ostmcn.com 本次未直接访问（检索中可见）。
CD0138,138,成都市融资再担保有限责任公司,成都市融资再担保｜市再担保公司｜cd-frg,C,https://cd-frg.com,是,四川省成都市（成都市委市政府设立的国有金融企业，业务实现成都区域全覆盖）,四川省,成都市,,四川省成都市（成都市委市政府设立的国有金融企业，业务实现成都区域全覆盖）,confirmed,金融科技,搜索引擎公开检索|企业官网,官网公开招聘公告（cd-frg.com/gsgg）,https://cd-frg.com/gsgg/?page=1,unknown,未知,未知,official_announcement,否,false,是,1,confirmed,1,needs_manual_review,需人工复核,需人工复核,direct_job_observed,direct_page_visit,manual_review,2026-09-26,https://cd-frg.com/gsgg/1418.html｜https://cd-frg.com/gsgg/?page=1,,本次抽到 1 条成都职位（其中 0 条详情页）；官方来源未确认,2026年公开招聘「数据智能管理岗」1人（2026-08-31发布），报名时间为 2026-09-01 至 2026-09-15，核验时报名期已过，官网是否发布新公告需人工复核（不作为「招聘已关闭」结论）。报名入口为 cdfrg.zhaopin.com（智联招聘域名下的企业专属报名页，第三方托管，未计为官方入口）。岗位工作地点未在公告中单列，成都归属为推定。
CD0139,139,四川新网银行股份有限公司,新网银行｜XWBank,B,https://xwbank.com,否,中国(四川)自由贸易试验区成都高新区吉泰三路8号1栋1单元（官网披露的银行经营场所）,四川省,成都市,高新区,中国(四川)自由贸易试验区成都高新区吉泰三路8号1栋1单元（官网披露的银行经营场所）,confirmed,金融科技,搜索引擎公开检索|企业官网,新网银行校园招聘（Moka 企业专属网申系统）,https://app.mokahr.com/campus-recruitment/xwbank/4246?locale=zh-CN,official_ats_third_party_hosted,企业专属官方ATS,企业专属官方ATS,official_ats,是,true,否,,unknown,0,needs_manual_review,需人工复核,需人工复核,manual_review_required,direct_page_visit|search_engine_evidence,manual_review,2026-09-26,https://app.mokahr.com/campus-recruitment/xwbank/4246?locale=zh-CN｜https://www.iffs.uestc.edu.cn/info/1112/7486.htm｜https://xwbank.com/,,官方来源明确,网申系统地址由电子科技大学就业网、南方科技大学等高校渠道发布的官方招聘公告引用（https://www.iffs.uestc.edu.cn/info/1112/7486.htm ），移动端为「新网银行人力资源」公众号。本次直接访问该 Moka 校招页仅返回品牌活动图片（年会/金融科技挑战赛/新网好声音等），未见职位列表，故未抽取职位。2026届校招岗位（数字化信贷风控方向、金融科技方向）工作地点为四川省成都市，但该信息来自高校就业网转载，非企业官方页面，未计入职位样本。国聘平台在招职位（成都高新区/武侯区）为第三方平台，未计入。
CD0140,140,成都银行股份有限公司,成都银行｜BOCD｜601838,B,https://www.bocd.com.cn/,是,四川省成都市青羊区西御街16号成都银行大厦（总行）,四川省,成都市,青羊区,四川省成都市青羊区西御街16号成都银行大厦（总行）,confirmed,金融科技,搜索引擎公开检索|企业官网,成都银行招聘门户（bocd.zhiye.com）+ 官网招聘公告,https://bocd.zhiye.com/,official_ats_third_party_hosted,企业专属官方ATS,企业专属官方ATS,official_ats,是,true,是,,unknown,2,needs_manual_review,需人工复核,需人工复核,source_evidence_only,direct_page_visit,manual_review,2026-09-26,https://bocd.zhiye.com/｜https://www.bocd.com.cn/zyxxfb/rczp/zhaopingonggao/1199002198508441600.html｜https://www.bocd.com.cn/,,官方来源明确；本次抽到 2 条成都职位（其中 0 条详情页）,官网「招聘公告」栏目（bocd.com.cn/zyxxfb/rczp）发布招聘公告，公告中明确投递入口为 PC 端 https://bocd.zhiye.com/（企业专属招聘门户）。本次直接访问 bocd.zhiye.com 首页仅返回品牌宣传内容，无职位列表；已抓到的最近公告（2025-12-18）报名期为 2025-12-18 至 2025-12-31，已结束，当前是否开放新批次需人工复核（不作为「招聘已关闭」结论）。
CD0141,141,四川锦程消费金融有限责任公司,锦程消费金融｜JCCFC,A,https://www.jccfc.com,否,中国(四川)自由贸易试验区成都高新区天韵路186号（注册地；办公地含高新区天晖南街169号ACC中航城市广场）,四川省,成都市,高新区,中国(四川)自由贸易试验区成都高新区天韵路186号（注册地；办公地含高新区天晖南街169号ACC中航城市广场）,confirmed,金融科技,搜索引擎公开检索|企业官网,锦程消费金融官网招聘频道（jccfc.com/jobs）,https://www.jccfc.com/jobs,official_careers_page,企业官网自建招聘页,企业官网自建招聘页,official_company,是,true,是,,not_available,2,active,有效（当前有可见职位）,有效（当前有可见职位）,direct_job_observed,direct_page_visit,official_active,2026-09-26,https://www.jccfc.com/jobs/43｜https://www.jccfc.com/jobs/48｜https://www.jccfc.com/jobs,,官方来源明确；本次抽到 2 条成都职位（其中 2 条详情页）,官网自建招聘频道 /jobs 与 /jobs/{id} 职位详情页。本次直接访问列表页 https://www.jccfc.com/jobs 返回「服务器累了，请稍后再试」，但职位详情页（/jobs/43、/jobs/48）在检索中可见且明确标注工作地点「四川成都」。公司总部/注册地在成都高新区，全国首批、中西部首家消费金融公司。
CD0142,142,成都农村商业银行股份有限公司,成都农商银行｜CDRCB,A,https://www.cdrcb.com,否,四川省成都市武侯区（总行；成都地区营业网点500余个）,四川省,成都市,武侯区,四川省成都市武侯区（总行；成都地区营业网点500余个）,confirmed,金融科技,搜索引擎公开检索|企业官网,成都农商银行官网招聘公告栏目,https://www.cdrcb.com/pin/zpdetail.htm?id=267,official_careers_page,企业官网自建招聘页,企业官网自建招聘页,official_company,是,true,是,,not_available,1,active,有效（当前有可见职位）,有效（当前有可见职位）,direct_job_observed,direct_page_visit,official_active,2026-09-26,https://www.cdrcb.com/pin/zpdetail.htm?id=267｜https://www.cdrcb.com/pin/zpdetail.htm?id=237,,官方来源明确；本次抽到 1 条成都职位（其中 0 条详情页）,官网设招聘公告栏目（cdrcb.com/pin/zpdetail.htm?id=xxx）。2027年校园招聘公告报名时间为 2026年9月17日至10月25日（核验时处于开放期），岗位含分支行综合柜员岗（中心城区，90人）、分支行综合柜员岗（县市新城/异地机构，60人）等；网申系统为 cdrcb2027.zhaopin.com（智联招聘域名下的企业专属网申站，第三方托管，未作为官方入口计入）。本次未抽取「异地机构」岗位为成都岗位。
CD0143,143,四川银行股份有限公司,四川银行｜SCBANK,B,https://www.scbank.cn,是,四川省成都市（总行；已在成都等14个市州设立分行）,四川省,成都市,,四川省成都市（总行；已在成都等14个市州设立分行）,confirmed,金融科技,搜索引擎公开检索|企业官网,四川银行招聘系统（scbank.hotjob.cn）+ 官网招聘公告栏目,https://scbank.hotjob.cn/,official_ats_third_party_hosted,企业专属官方ATS,企业专属官方ATS,official_ats,是,true,否,,unknown,0,needs_manual_review,需人工复核,需人工复核,manual_review_required,direct_page_visit|search_engine_evidence,manual_review,2026-09-26,https://scbank.hotjob.cn/｜https://openbank.scbank.cn/cn/col323/4925258.html｜https://www.scbank.cn/cn/col323/3089625.html,,官方来源明确,四川省首家省级法人城商行，2020年11月成立，总行在成都。官网设招聘公告栏目（scbank.cn/cn/col323），社招/暑期实习网申系统为 scbank.hotjob.cn（企业专属、第三方托管）。本次直接访问 scbank.hotjob.cn 首页为前端渲染、无职位数据；2026年社招启事（8月）报名渠道指向智联招聘（第三方），故未抽取职位样本，需人工复核当前在招职位。
CD0144,144,国宝人寿保险股份有限公司,国宝人寿｜panda-assets,A,https://www.panda-assets.com,是,四川省成都市（总公司及四川分公司均在成都）,四川省,成都市,,四川省成都市（总公司及四川分公司均在成都）,confirmed,金融科技,搜索引擎公开检索|企业官网,国宝人寿官网人才招聘频道（panda-assets.com/Position）,https://www.panda-assets.com/Position,official_careers_page,企业官网自建招聘页,企业官网自建招聘页,official_company,是,true,是,,not_available,4,active,有效（当前有可见职位）,有效（当前有可见职位）,direct_job_observed,direct_page_visit,official_active,2026-09-26,https://www.panda-assets.com/Position｜https://www.panda-assets.com/Position/Detail/239｜https://www.panda-assets.com/Position/Detail/235｜http://panda-assets.com/Position/Detail/267｜http://panda-assets.com/Position/Detail/264,,官方来源明确；本次抽到 4 条成都职位（其中 4 条详情页）,官网自建人才招聘频道，职位详情页形如 panda-assets.com/Position/Detail/{id}，页面字段明确「地点：成都」「部门」等，简历投递邮箱 recruit@panda-assets.com。本次直接访问频道首页仅返回薪酬福利/工作环境介绍，职位条目由详情页直接确认。其中「四川分公司办公室(组织人事部)IT支持兼综合管理岗」第一批简历接收截止 2026-03-06，「总公司投资业务部运营保障室负责人」报名时间为 2025-12-05 至 2025-12-15，均已过期，抽取时已标注。
CD0145,145,成都星合互娱科技有限公司,星合互娱｜STAR UNION｜staruniongame,A,https://www.staruniongame.com,是,中国成都市天府新区祥鹤四街418号中海财富中心（官网「加入我们」页披露公司地址）,四川省,成都市,天府新区,中国成都市天府新区祥鹤四街418号中海财富中心（官网「加入我们」页披露公司地址）,confirmed,游戏,搜索引擎公开检索|企业官网,加入我们（staruniongame.com/cn/join）,https://www.staruniongame.com/cn/join,official_careers_page,企业官网自建招聘页,企业官网自建招聘页,official_company,是,true,是,,not_available,5,active,有效（当前有可见职位）,有效（当前有可见职位）,direct_job_observed,direct_page_visit,official_active,2026-09-26,https://www.staruniongame.com/cn/join｜https://www.staruniongame.com/en/join｜https://www.staruniongame.com/cn/about,,官方来源明确；本次抽到 5 条成都职位（其中 0 条详情页）,出海 SLG 游戏公司（2019年成立，三七互娱天使轮投资）。官网中英文站均设「加入我们」栏目并按「职位名称/职位类别/工作地点/招聘类型」列表展示岗位，工作地明确为成都、招聘类型为社会招聘。本次直接抓取该页为前端渲染（仅返回导航），职位名称与工作地取自检索结果对该官方页面正文的收录内容，建议在浏览器端复核。
CD0146,146,成都力比科技有限公司,力比科技｜Libii,A,https://libii.cn,是,成都市高新区（工商登记地址：中国(四川)自由贸易试验区成都高新区府城大道西段399号9栋4层2号；官网未在页面披露地址）,四川省,成都市,高新区,成都市高新区（工商登记地址：中国(四川)自由贸易试验区成都高新区府城大道西段399号9栋4层2号；官网未在页面披露地址）,confirmed,游戏,搜索引擎公开检索|企业官网,当前诚聘（libii.cn 招聘页）,https://libii.cn/?page_id=225,official_careers_page,企业官网自建招聘页,企业官网自建招聘页,official_company,是,true,是,4,confirmed,4,active,有效（当前有可见职位）,有效（当前有可见职位）,direct_job_observed,direct_page_visit,official_active,2026-09-26,https://libii.cn/?page_id=225｜https://libii.cn?lang=en&page_id=225/｜https://libii.cn,,官方来源明确；本次抽到 4 条成都职位（其中 0 条详情页）,休闲/女性向手游研发公司（2012年成立，产品含「瞬搭SuitU」「剪纸公主的冰雪世界」「时尚幻想」）。官网招聘页「当前诚聘!」列出 4 个在招职位及招聘人数（各1名），英文版为 https://libii.cn?lang=en&page_id=225/。页面未逐条标注工作城市，成都归属为推定（location_confidence=inferred）。
CD0147,147,成都士兰半导体制造有限公司,成都士兰｜士兰微成都｜Silan Chengdu,A,https://www.silan.com.cn/,是,四川省成都市金堂县淮口街道成阿工业园区士芯路9号,四川省,成都市,金堂县,四川省成都市金堂县淮口街道成阿工业园区士芯路9号,confirmed,半导体与集成电路,搜索引擎公开检索|企业官网,人才招聘-校园招聘-校招岗位,https://www.silan.com.cn/index.php/about/post.html,group_unified_recruitment,集团统一招聘平台,集团统一招聘平台,group_career_site,是,true,是,,not_available,1,active,有效（当前有可见职位）,有效（当前有可见职位）,direct_job_observed,direct_page_visit,official_active,2026-09-26,https://www.silan.com.cn/index.php/about/post.html｜https://www.silan.com.cn/index.php/about/joindetails/280.html,,官方来源明确；本次抽到 1 条成都职位（其中 1 条详情页）,集团统一招聘。本次仅在校招岗位表中检索到 1 个明确含成都的岗位；社会招聘另见 silan.com.cn/index.php/about/social.html（本次未抓取到职位明细）。成都主体为生产制造基地（外延片、功率模块封测），社招岗位多经第三方平台与现场直招发布。
CD0148,148,成都思科瑞微电子股份有限公司,思科瑞｜SCREEN｜688053,C,http://www.cd-screen.cn,否,四川省成都市高新区安泰四路68号（另龙泉驿区星光西路117号国光产业园）,四川省,成都市,高新区,四川省成都市高新区安泰四路68号（另龙泉驿区星光西路117号国光产业园）,confirmed,半导体与集成电路,搜索引擎公开检索|企业官网,,,not_found,未找到,未找到,unknown,否,false,否,,unknown,0,not_found,未找到官方招聘入口,未找到官方招聘入口,manual_review_required,direct_page_visit|search_engine_evidence,unavailable_or_no_job,2026-09-26,http://cd-screen.cn/lxwm,,官方来源未确认,官网 cd-screen.cn 本次抓取失败（fetch failed），未找到「人才招聘/加入我们」栏目或 ATS；公开在招职位（测试开发工程师、DPA/失效分析工程师等，工作地成都郫都/龙泉驿）仅见于智联招聘、猎聘等第三方平台，按规则不计入官方来源，需人工复核官网招聘入口。
CD0149,149,成都芯源系统有限公司,芯源系统｜MPS｜Monolithic Power Systems｜MPS成都,B,https://www.monolithicpower.com,是,四川省成都市高新西区综合保税区科新路8号,四川省,成都市,高新西区,四川省成都市高新西区综合保税区科新路8号,confirmed,半导体与集成电路,搜索引擎公开检索|企业官网,Careers - Job Listings,https://www.monolithicpower.com/en/about-mps/careers/job-listings.html,official_careers_page,企业官网自建招聘页,企业官网自建招聘页,official_company,是,true,是,,unknown,0,needs_manual_review,需人工复核,需人工复核,manual_review_required,direct_page_visit|search_engine_evidence,manual_review,2026-09-26,https://www.monolithicpower.com/en/about-mps/careers/job-listings.html,,官方来源明确,全球招聘门户职位列表页为 JS 动态加载，本次静态抓取未返回任何职位明细（/careers/home、/careers/2026-campus-recruitment 均返回 404）；校招网申另经 xz.51job.com/mps/（第三方，未计入）。需人工在门户按 Chengdu 检索补录职位。
CD0150,150,四川赛狄信息技术股份公司,赛狄｜SDRISING｜四川赛狄,A,https://www.sdrising.com/,是,四川省成都市高新区西区新创路2号,四川省,成都市,高新区,四川省成都市高新区西区新创路2号,confirmed,电子信息制造,搜索引擎公开检索|企业官网,赛狄招聘-社会招聘,https://www.sdrising.com/category/topic-5,official_careers_page,企业官网自建招聘页,企业官网自建招聘页,official_company,是,true,是,,not_available,6,active,有效（当前有可见职位）,有效（当前有可见职位）,direct_job_observed,direct_page_visit,official_active,2026-09-26,https://www.sdrising.com/｜https://www.sdrising.com/category/topic-5｜https://sdrising.com/content/content-473,,官方来源明确；本次抽到 6 条成都职位（其中 6 条详情页）,军工电子信息装备硬件系统配套企业（国家级专精特新小巨人）。职位详情页部分标注「成都」或「成都、西安」；未标注城市的职位按公司唯一经营地成都高新西区推定。官网另注明应聘方式含 BOSS直聘/智联/前程无忧（第三方，未计入）。
CD0151,151,成都运达科技股份有限公司,运达科技｜YUNDA｜300440,A,https://www.yd-tec.com,是,四川省成都市郫都区（运达科技总部及产业园）,四川省,成都市,郫都区,四川省成都市郫都区（运达科技总部及产业园）,confirmed,智能制造与装备,搜索引擎公开检索|企业官网,加入我们-人才招聘,https://www.yd-tec.com/job.html,official_careers_page,企业官网自建招聘页,企业官网自建招聘页,official_company,是,true,是,,not_available,6,active,有效（当前有可见职位）,有效（当前有可见职位）,direct_job_observed,direct_page_visit,official_active,2026-09-26,https://www.yd-tec.com/job.html｜https://www.yd-tec.com/jobinfo/495242729945563136.html,,官方来源明确；本次抽到 6 条成都职位（其中 6 条详情页）,轨道交通智能系统供应商。官网人才招聘页未逐条标注工作地点，按公司总部/主要办公地成都郫都区推定；首页另公示「运达科技2027届校园招聘正式启动」。
CD0152,152,成都天箭科技股份有限公司,天箭科技｜TJIAN｜002977,A,https://www.tjian.com.cn,是,四川省成都市锦江区（另成华区华盛路58号35栋）,四川省,成都市,锦江区,四川省成都市锦江区（另成华区华盛路58号35栋）,confirmed,电子信息制造,搜索引擎公开检索|企业官网,加入我们 JOIN US,https://www.tjian.com.cn/join/default.html,official_careers_page,企业官网自建招聘页,企业官网自建招聘页,official_company,是,true,是,2,confirmed,2,active,有效（当前有可见职位）,有效（当前有可见职位）,direct_job_observed,direct_page_visit,official_active,2026-09-26,https://www.tjian.com.cn/join/default.html｜https://www.tjian.com.cn/en/enjoin/default.html,,官方来源明确；本次抽到 2 条成都职位（其中 0 条详情页）,官网主体显示为「天箭科技」，主营 MEMS 惯性传感与导航探测方向；与上市公司成都天箭科技股份有限公司（002977）的主体对应关系需人工复核。社招岗位另有智联招聘/前程无忧渠道（第三方，未计入）。
CD0153,153,成都奕成科技股份有限公司,成都奕成集成电路有限公司｜奕成科技｜echint｜奕斯伟生态,B,,否,四川省成都市高新西区,四川省,成都市,高新西区,四川省成都市高新西区,confirmed,半导体与集成电路,搜索引擎公开检索|企业官网,2027届校园招聘网申（北森 zhiye 企业专属门户）,https://echint.zhiye.com/campus/jobs,official_ats_third_party_hosted,企业专属官方ATS,企业专属官方ATS,official_ats,是,true,是,,unknown,0,needs_manual_review,需人工复核,需人工复核,manual_review_required,direct_page_visit|search_engine_evidence,manual_review,2026-09-26,https://echint.zhiye.com/campus/jobs,,官方来源明确,本次静态抓取 echint.zhiye.com/campus/jobs 仅返回登录/搜索框架，未取到职位列表与详情链接，故未抽取职位样本。校招公告所列 16 个岗位（版图设计、封装设计、仿真、工艺设备、测试、良率等）来自第三方校招资讯平台转载，未计入官方职位。工商全称可能为「成都奕成集成电路有限公司」，需人工复核。
CD0154,154,晶艺半导体有限公司,晶艺半导体｜LatticeArt,B,http://latticeart.com,否,四川省成都市高新区天府大道北段1777号7栋NIC国创中心1单元15层,四川省,成都市,高新区,四川省成都市高新区天府大道北段1777号7栋NIC国创中心1单元15层,confirmed,半导体与集成电路,搜索引擎公开检索|企业官网,人才招聘,http://latticeart.com/page.php?id=5,official_careers_page,企业官网自建招聘页,企业官网自建招聘页,official_company,是,true,否,,not_available,0,accessible_no_job,入口可访问但暂无职位,入口可访问但暂无职位,manual_review_required,direct_page_visit|search_engine_evidence,unavailable_or_no_job,2026-09-26,http://latticeart.com/page.php?id=5,,官方来源明确,官网人才招聘页未列出任何职位明细，仅引导至前程无忧企业页（jobs.51job.com/all/co5807709.html，第三方，未计入）或邮箱投递，故记为「入口可访问但官网无职位」。2027 届校招岗位（模拟IC设计工程师、应用工程师（电机）等，工作地成都）来自高校就业网转载的企业简章，需人工在官网核实。
CD0155,155,成都航宇超合金技术有限公司,成都航宇｜CAST｜炼石航空子公司,C,https://www.sccast.com,是,四川省成都市双流区西航港大道南延线2999号,四川省,成都市,双流区,四川省成都市双流区西航港大道南延线2999号,confirmed,航空航天,搜索引擎公开检索|企业官网,,,not_found,未找到,未找到,unknown,否,false,否,,unknown,0,not_found,未找到官方招聘入口,未找到官方招聘入口,manual_review_required,direct_page_visit|search_engine_evidence,unavailable_or_no_job,2026-09-26,https://www.sccast.com/index.html,,官方来源未确认,官网仅设公司简介、公司动态等栏目，未检索到「人才招聘/加入我们」栏目或企业专属 ATS；在招职位（实验室技术员、铸造技术研发工程师、QC质量工程师等，工作地成都双流）仅见于前程无忧、全职招聘网等第三方平台，按规则不计入官方来源，需人工复核官网招聘入口。
CD0156,156,成都盟升电子技术股份有限公司,盟升电子｜MENGSHENG｜688311,A,https://www.microwave-signal.com,是,四川省成都市天府新区兴隆街道桐子咀南街350号,四川省,成都市,天府新区,四川省成都市天府新区兴隆街道桐子咀南街350号,confirmed,通信与网络设备,搜索引擎公开检索|企业官网,社会招聘,https://www.microwave-signal.com/join.aspx?t=53,official_careers_page,企业官网自建招聘页,企业官网自建招聘页,official_company,是,true,是,11,confirmed,11,active,有效（当前有可见职位）,有效（当前有可见职位）,direct_job_observed,direct_page_visit,official_active,2026-09-26,https://www.microwave-signal.com/join.aspx?t=53｜https://www.microwave-signal.com/join_detail.aspx?t=53&ContentId=1033,,官方来源明确；本次抽到 11 条成都职位（其中 11 条详情页）,官网社招列表页未逐条标注工作地点，按公司总部（成都天府新区）推定；抽查的「射频工程师」详情页显示发布时间 2023.09.04，社招列表时效需人工复核。校招另有 mshr@microwave-signal.com 邮箱投递。
CD0157,157,成都亚光电子股份有限公司,成都亚光｜亚光科技集团｜970厂,B,https://www.ygkjgroup.com,是,四川省成都市成华区东虹路66号,四川省,成都市,成华区,四川省成都市成华区东虹路66号,confirmed,半导体与集成电路,搜索引擎公开检索|企业官网,人才招聘,https://www.ygkjgroup.com/about/2.html,group_unified_recruitment,集团统一招聘平台,集团统一招聘平台,group_career_site,是,true,是,5,confirmed,5,needs_manual_review,需人工复核,需人工复核,direct_job_observed,direct_page_visit,manual_review,2026-09-26,https://www.ygkjgroup.com/about/2.html｜https://www.ygkjgroup.com/about/show-191.html｜https://www.ygkjgroup.com/about/show-240.html,,官方来源明确；本次抽到 5 条成都职位（其中 5 条详情页）,集团统一招聘（母公司亚光科技集团股份有限公司 300123）。官网招聘页所列 5 个职位发布日期均为 2023-02，未见更新，是否仍有效需人工复核。成都主体公开在招职位多见于智联招聘等第三方平台（未计入官方来源）。
CD0158,158,迈普通信技术股份有限公司,迈普｜maipu｜中国电子CEC旗下,A,https://www.maipu.cn,是,四川省成都市高新区（迈普总部及主要研发基地）,四川省,成都市,高新区,四川省成都市高新区（迈普总部及主要研发基地）,confirmed,通信与网络设备,搜索引擎公开检索|企业官网,迈普招聘-2027届校园招聘网申（Moka）,https://app.mokahr.com/campus-recruitment/maipu/45544,official_ats_third_party_hosted,企业专属官方ATS,企业专属官方ATS,official_ats,是,true,是,8,confirmed,0,active,有效（当前有可见职位）,有效（当前有可见职位）,listing_count_observed,direct_page_visit|search_engine_evidence,official_active,2026-09-26,https://app.mokahr.com/campus-recruitment/maipu/45544｜https://www.maipu.cn,,官方来源明确；官方页面有可见招聘信息但未取到具体职位,Moka 网申页仅渲染职位类别与数量，静态抓取未返回具体职位名称与城市，故本次未抽取职位样本。另有北森托管门户 maipu.zhiye.com（本次访问返回 Not Found）与微信公众号「迈普招聘」。
CD0159,159,成都佳驰电子科技股份有限公司,佳驰科技｜688708｜CDJC,A,https://www.cdjc.com.cn,是,四川省成都市郫都区德源街道文明街西段288号,四川省,成都市,郫都区,四川省成都市郫都区德源街道文明街西段288号,confirmed,新材料,搜索引擎公开检索|企业官网,人才招聘-招贤纳士,https://www.cdjc.com.cn/joinus,official_careers_page,企业官网自建招聘页,企业官网自建招聘页,official_company,是,true,是,,not_available,8,active,有效（当前有可见职位）,有效（当前有可见职位）,direct_job_observed,direct_page_visit,official_active,2026-09-26,https://www.cdjc.com.cn/joinus｜https://www.cdjc.com.cn,,官方来源明确；本次抽到 8 条成都职位（其中 0 条详情页）,官网 joinus 页面职位区由 JS 渲染，静态抓取仅取到人才理念部分；职位名称与「成都」标注取自该官方页面在检索结果中的可见快照，职位详情页由网申通道（智联校园 xiaoyuan.zhaopin.com，第三方）承载，故 url_type 记为 listing_page。
CD0160,160,成都储翰科技股份有限公司,储翰科技｜TSUHAN｜中际旭创控股,A,http://www.tsuhan.cn,否,四川省成都市双流区黄甲街道牧科路8号,四川省,成都市,双流区,四川省成都市双流区黄甲街道牧科路8号,confirmed,通信与网络设备,搜索引擎公开检索|企业官网,加入我们 JOIN US,http://www.tsuhan.cn/design/5.html,official_careers_page,企业官网自建招聘页,企业官网自建招聘页,official_company,是,true,是,5,confirmed,5,active,有效（当前有可见职位）,有效（当前有可见职位）,direct_job_observed,direct_page_visit,official_active,2026-09-26,http://www.tsuhan.cn/design/5.html,,官方来源明确；本次抽到 5 条成都职位（其中 0 条详情页）,官网 tsuhan.cn 本次 HTTPS 抓取失败（fetch failed），职位列表与地址取自该官方页面在检索结果中的可见快照，官网可达性标记为未验证。公司为单基地经营（双流黄甲），职位工作地点按公司地址推定。
CD0161,161,四川光恒通信技术有限公司,光恒通信｜Sunstar｜长飞光纤控股,A,https://www.cnsunstar.com/,是,四川省成都市高新西区西区大道199号成都模具工业园D1栋四楼,四川省,成都市,高新西区,四川省成都市高新西区西区大道199号成都模具工业园D1栋四楼,confirmed,通信与网络设备,搜索引擎公开检索|企业官网,加入我们,https://www.cnsunstar.com/join.html?t=2,official_careers_page,企业官网自建招聘页,企业官网自建招聘页,official_company,是,true,是,3,confirmed,3,active,有效（当前有可见职位）,有效（当前有可见职位）,direct_job_observed,direct_page_visit,official_active,2026-09-26,https://www.cnsunstar.com/join.html?t=2｜https://www.cnsunstar.com/,,官方来源明确；本次抽到 3 条成都职位（其中 0 条详情页）,职位页未逐条标注工作地点，按公司唯一生产经营地（成都高新西区）推定。公司为长飞光纤（601869.SH）控股子公司，主营光器件/高速光模块。
CD0162,162,成都卡诺普机器人技术股份有限公司,卡诺普｜CRP ROBOT｜卡诺普机器人,A,https://www.crprobot.com,是,四川省成都市成华区华月路188号,四川省,成都市,成华区,四川省成都市成华区华月路188号,confirmed,智能制造与装备,搜索引擎公开检索|企业官网,人才招聘,https://crprobot.com/c/zhaopin.html,official_careers_page,企业官网自建招聘页,企业官网自建招聘页,official_company,是,true,是,3,confirmed,2,active,有效（当前有可见职位）,有效（当前有可见职位）,direct_job_observed,direct_page_visit,official_active,2026-09-26,https://crprobot.com/c/zhaopin.html｜https://www.crprobot.com/c/contact.html｜https://www.crprobot.com/d/tongzhigonggao/152.html,,官方来源明确；本次抽到 2 条成都职位（其中 0 条详情页）,官网 2026-08-28 发布《关于近期不法分子冒用我司名义进行虚假招聘的严正声明》，确认官方招聘渠道为公司官网 www.crprobot.com 及官方认证平台账号；页面另注明「简历投递请前往BOSS直聘和前程无忧搜索卡诺普」（第三方，未计入）。「华东技术工程师」明显为华东岗位，未作为成都职位抽取。职位页未逐条标注城市，按总部成都成华区推定。
CD0163,163,成都智明达电子股份有限公司,智明达｜ZMD｜688636,B,http://www.zmdde.com,否,四川省成都市青羊区敬业路108号T1栋（青羊工业总部基地T区1栋）,四川省,成都市,青羊区,四川省成都市青羊区敬业路108号T1栋（青羊工业总部基地T区1栋）,confirmed,电子信息制造,搜索引擎公开检索|企业官网,人才招聘 / 招聘公告,http://www.zmdde.com/,official_careers_page,企业官网自建招聘页,企业官网自建招聘页,official_company,是,true,是,,unknown,0,needs_manual_review,需人工复核,需人工复核,manual_review_required,direct_page_visit|search_engine_evidence,manual_review,2026-09-26,http://www.zmdde.com/,,官方来源明确,官网 zmdde.com 本次 HTTPS 直接抓取失败（fetch failed），未能定位到人才招聘/招聘公告子页 URL 与在线职位列表，招聘入口 URL 暂记官网首页，需人工补全具体栏目地址与在招职位。
CD0164,164,成都蓉生药业有限责任公司,国药天坛蓉生｜蓉生药业｜天坛生物核心子公司,A,https://www.ronsen.com,是,成都市高新区起步园科园南路7号（招聘公告联系地址：成都市双流区菁园路280号）,四川省,成都市,高新区,成都市高新区起步园科园南路7号（招聘公告联系地址：成都市双流区菁园路280号）,confirmed,生物医药,搜索引擎公开检索|企业官网,人才招聘,https://www.ronsen.com/list-45-1.html,official_careers_page,企业官网自建招聘页,企业官网自建招聘页,official_company,是,true,是,,not_available,1,active,有效（当前有可见职位）,有效（当前有可见职位）,direct_job_observed,direct_page_visit,official_active,2026-09-26,https://www.ronsen.com/list-45-1.html｜https://www.ronsen.com,,官方来源明确；本次抽到 1 条成都职位（其中 0 条详情页）,已直接访问官网人才招聘页，当前仅1条公开招聘信息（2026年度博士后），发布日期2026.1.21，报名截止2026-03-31。列表页无独立详情链接，职位URL沿用列表页。
CD0165,165,海思科医药集团股份有限公司（四川海思科制药有限公司）,海思科｜Haisco｜002653｜四川海思科制药,A,https://www.haisco.com,是,成都市温江区海峡两岸科技产业开发园百利路136号,四川省,成都市,温江区,成都市温江区海峡两岸科技产业开发园百利路136号,confirmed,生物医药,搜索引擎公开检索|企业官网,人才招聘（社招 ATS：海思科招聘官网）,https://wecruit.hotjob.cn/SU6663b85a1eb8051cd22556e3/pb/social.html,official_ats_third_party_hosted,企业专属官方ATS,企业专属官方ATS,official_ats,是,true,是,93,confirmed,8,active,有效（当前有可见职位）,有效（当前有可见职位）,direct_job_observed,direct_page_visit,official_active,2026-09-26,https://wecruit.hotjob.cn/SU6663b85a1eb8051cd22556e3/pb/social.html｜https://www.haisco.com/recruitment.html｜https://www.haisco.com,,官方来源明确；本次抽到 8 条成都职位（其中 0 条详情页）,已直接访问企业专属社招 ATS，页面显示「在招职位 93 个」，其中多条工作地点为成都市/成都市-温江区，更新日期 2026-07 至 2026-09。列表页未给出独立详情URL，职位URL沿用列表页。集团校招另走 haisco.gllue.com（大易）。
CD0166,166,成都美富特环保产业股份有限公司,美富特环保｜美富特膜环保｜MFT,A,https://www.mft-cn.com,是,成都市金牛区金科北路48号5楼（生产基地：成都金堂淮口）,四川省,成都市,金牛区,成都市金牛区金科北路48号5楼（生产基地：成都金堂淮口）,confirmed,新材料,搜索引擎公开检索|企业官网,加入我们（招聘信息）,http://mft-cn.com/join/68.html,official_careers_page,企业官网自建招聘页,企业官网自建招聘页,official_company,是,true,是,,not_available,6,active,有效（当前有可见职位）,有效（当前有可见职位）,direct_job_observed,direct_page_visit,official_active,2026-09-26,http://mft-cn.com/join/68.html｜https://www.mft-cn.com/news/detail/223.html,,官方来源明确；本次抽到 6 条成都职位（其中 0 条详情页）,主营膜材料与水处理装备（膜技术方向，归为新材料）。已直接访问官网招聘页，共17条职位，抽取工作地址明确为成都/金堂的6条；其余标注「全国」「川渝」「上海、川渝」的未抽取。页面无独立详情链接，职位URL沿用列表页。部分职位发布日期为2025年，页面当前仍可见。
CD0167,167,中创新航科技（成都）有限公司,中创新航成都｜CALB Chengdu｜中航锂电成都,A,http://www.calb-tech.com,是,四川省成都经济技术开发区（龙泉驿区）大面街道成龙大道二段888号,四川省,成都市,龙泉驿区,四川省成都经济技术开发区（龙泉驿区）大面街道成龙大道二段888号,confirmed,新能源,搜索引擎公开检索|企业官网,中创新航招聘（企业专属ATS）·社会招聘,https://calbjs.zhiye.com/social/jobs,official_ats_third_party_hosted,企业专属官方ATS,企业专属官方ATS,official_ats,是,true,是,,not_available,2,active,有效（当前有可见职位）,有效（当前有可见职位）,direct_job_observed,direct_page_visit,official_active,2026-09-26,https://calbjs.zhiye.com/social/jobs｜https://calbjs.zhiye.com/｜https://cd.sc91.org.cn/app/home/jobdetail/2985410.shtml?comptype=1&post_id=1034626,,官方来源明确；本次抽到 2 条成都职位（其中 0 条详情页）,已直接访问社招职位列表，共20条职位，其中2条工作地点含四川省·成都市；同页自贡市、眉山市职位未抽取。校招频道 /campus/jobs 当前返回「暂时没有符合条件的职位」。列表页职位「查看详情」为JS动作链接，职位URL沿用列表页。
CD0168,168,成都威力生生物科技有限公司,威力生生物｜Wesley Biotech,B,http://www.china-wls.com,是,成都市高新区科园南路88号天府生命科技园B6幢,四川省,成都市,高新区,成都市高新区科园南路88号天府生命科技园B6幢,confirmed,医疗器械,搜索引擎公开检索|企业官网,社会招聘,http://www.china-wls.com/jobs/1.html,official_careers_page,企业官网自建招聘页,企业官网自建招聘页,official_company,是,true,否,,unknown,0,needs_manual_review,需人工复核,需人工复核,manual_review_required,direct_page_visit|search_engine_evidence,manual_review,2026-09-26,http://www.china-wls.com/jobs/1.html｜http://www.china-wls.com,,官方来源明确,血液净化设备（三类医疗器械）企业。官网社会招聘页可访问、职位条目工作地写「四川省成都市高新区」，但职位名称在静态页中缺失（模板未渲染），无法取得确切职位名，故未抽取职位样本，需人工复核。
CD0169,169,成都华神科技集团股份有限公司,华神科技｜000790｜成都中医药大学华神药业,A,http://www.huasungrp.com,否,四川省成都市武侯区（华神科技集团总部）,四川省,成都市,武侯区,四川省成都市武侯区（华神科技集团总部）,confirmed,生物医药,搜索引擎公开检索|企业官网,加入我们-社会招聘,https://oa.huasungrp.com/html/web/jiaruwomen/shehuizhaopin/2045025333799936001.html,official_careers_page,企业官网自建招聘页,企业官网自建招聘页,official_company,是,true,是,,not_available,1,active,有效（当前有可见职位）,有效（当前有可见职位）,direct_job_observed,direct_page_visit,official_active,2026-09-26,https://oa.huasungrp.com/html/web/jiaruwomen/shehuizhaopin/2045025333799936001.html,,官方来源明确；本次抽到 1 条成都职位（其中 1 条详情页）,已直接访问该职位详情页（综合QA，发布时间2026年04月17日，带职位ID的可直达URL）。页面「地点」字段为空，工作地按公司成都总部推定（location_confidence=inferred）。社会招聘列表页 URL 未抓取成功（资源不存在），建议人工补全。官网主域 www.huasungrp.com 本次未直接访问验证。
CD0170,170,成都威特电喷有限责任公司,威特电喷｜cdwit｜成飞集团全资子公司,B,http://www.cdwit.com,是,成都市高新区西源大道84号,四川省,成都市,高新区,成都市高新区西源大道84号,confirmed,智能制造与装备,搜索引擎公开检索|企业官网,人力资源-人才招聘,http://www.cdwit.com/rlzy.html,official_careers_page,企业官网自建招聘页,企业官网自建招聘页,official_company,是,true,否,,not_available,0,active,有效（当前有可见职位）,有效（当前有可见职位）,listing_count_observed,direct_page_visit|search_engine_evidence,official_active,2026-09-26,http://www.cdwit.com/rlzy.html｜http://www.cdwit.com,,官方来源明确；官方页面有可见招聘信息但未取到具体职位,官网人才招聘页可见职位表格（客户经理、高级运营经理等），但表格未设置工作地点列，且部分岗位描述与企业主营（柴油电喷/汽车电子）不符、疑似模板未更新，故未抽取职位样本，成都岗位需人工复核。
CD0171,171,中自科技股份有限公司,中自科技｜Sinocat｜688737｜成都中自,A,https://www.sinocat.com.cn,是,四川省成都高新西区古楠街88号（另成都高新区安泰五路66号安泰园区）,四川省,成都市,高新区,四川省成都高新西区古楠街88号（另成都高新区安泰五路66号安泰园区）,confirmed,新材料,搜索引擎公开检索|企业官网,加入中自（招聘信息）,http://m.sinocat.com.cn/692830.html,official_careers_page,企业官网自建招聘页,企业官网自建招聘页,official_company,是,true,是,,not_available,8,active,有效（当前有可见职位）,有效（当前有可见职位）,direct_job_observed,direct_page_visit,official_active,2026-09-26,http://m.sinocat.com.cn/692830.html｜http://m.sinocat.com.cn/blog/_968537_379482.html｜https://www.sinocat.com.cn,,官方来源明确；本次抽到 8 条成都职位（其中 1 条详情页）,科创板上市企业（688737），催化剂/储能/氢能新材料方向。已直接访问职位详情页（后端开发工程师（云平台），发布时间2025-06-05，带职位ID的可直达URL）。页面未单列工作地点字段，工作地按公司成都地址推定（location_confidence=inferred）。
CD0172,172,四川南格尔生物医学股份有限公司,南格尔生物｜南格尔｜Nigale,A,https://nigale.cn,是,成都市高新区盛安街401号1栋2单元9层,四川省,成都市,高新区,成都市高新区盛安街401号1栋2单元9层,confirmed,医疗器械,搜索引擎公开检索|企业官网,联系我们-招聘职位,https://nigale.cn/contact.html,official_careers_page,企业官网自建招聘页,企业官网自建招聘页,official_company,是,true,是,,not_available,1,active,有效（当前有可见职位）,有效（当前有可见职位）,direct_job_observed,direct_page_visit,official_active,2026-09-26,https://nigale.cn/contact.html｜https://nigale.cn,,官方来源明确；本次抽到 1 条成都职位（其中 0 条详情页）,三类医用高分子材料及制品/体外循环及血液处理设备企业（2025年初由华润收购转为央企）。已直接访问官网招聘职位表，当前仅1条职位（制剂QA，2026-07-14，招4人，工作地点成都）。「查看详情」为JS动作，职位URL沿用列表页。
CD0173,173,四川新绿色药业科技发展有限公司,新绿色药业｜新绿色集团｜neo-gpt,B,https://www.xinlvyao.com,是,成都市金牛区天悦城中心15栋（新绿色集团总部）,四川省,成都市,金牛区,成都市金牛区天悦城中心15栋（新绿色集团总部）,confirmed,生物医药,搜索引擎公开检索|企业官网,招聘岗位,https://www.xinlvyao.com/index.php?m=content&c=index&a=lists&catid=31,official_careers_page,企业官网自建招聘页,企业官网自建招聘页,official_company,是,true,否,,not_available,0,active,有效（当前有可见职位）,有效（当前有可见职位）,listing_count_observed,direct_page_visit|search_engine_evidence,official_active,2026-09-26,https://www.xinlvyao.com/index.php?m=content&c=index&a=lists&catid=31｜http://trc.xinlvyao.com/index.php?m=content&c=index&a=lists&catid=63,,官方来源明确；官方页面有可见招聘信息但未取到具体职位,已直接访问官网招聘岗位页，共8条在招职位（设备维护工程师、董事长秘书、市场专员、平面设计师、销售培训生、外贸专员、药房管理员等），但页面「工作地点」列统一标注为「全国」，未明确标注成都，按规则不抽取为成都职位。简历投递 hr@xinlvyao.com。
CD0174,174,成都百裕制药股份有限公司,百裕制药｜百裕集团｜银杏医药,A,https://en.baiyujituan.com,是,成都市温江区海峡两岸科技产业开发园（骑士大道三段安贤路433号/柳台大道西段436号）,四川省,成都市,温江区,成都市温江区海峡两岸科技产业开发园（骑士大道三段安贤路433号/柳台大道西段436号）,confirmed,生物医药,搜索引擎公开检索|企业官网,招贤纳士,https://en.baiyujituan.com/zhaoxiannashi/,official_careers_page,企业官网自建招聘页,企业官网自建招聘页,official_company,是,true,是,,not_available,2,active,有效（当前有可见职位）,有效（当前有可见职位）,direct_job_observed,direct_page_visit,official_active,2026-09-26,https://en.baiyujituan.com/zhaoxiannashi/｜https://en.baiyujituan.com/shzp/213.html｜https://en.baiyujituan.com/xyzp/214.html,,官方来源明确；本次抽到 2 条成都职位（其中 2 条详情页）,已直接访问官网招贤纳士页，共3条职位：管培生（营销，全国）、新药化学研究员（成都天府生命科技园）、管培生（生产，成都温江区）。仅抽取明确标注成都的2条。页面给出可直达的职位详情页 URL。
CD0175,175,成都第一制药有限公司,成一药业｜成都第一制药｜成一,A,https://www.cddyyy.com,是,成都彭州天彭镇东三环路133号（另设成都第一制药原料药有限公司）,四川省,成都市,彭州市,成都彭州天彭镇东三环路133号（另设成都第一制药原料药有限公司）,confirmed,生物医药,搜索引擎公开检索|企业官网,加入我们,https://www.cddyyy.com/home/join/index?001324,official_careers_page,企业官网自建招聘页,企业官网自建招聘页,official_company,是,true,是,,not_available,3,active,有效（当前有可见职位）,有效（当前有可见职位）,direct_job_observed,direct_page_visit,official_active,2026-09-26,https://www.cddyyy.com/home/join/index?001324｜https://www.cddyyy.com/home/join/work_detail?work_id=53｜https://www.cddyyy.com/home/join/work_detail?work_id=52｜https://www.cddyyy.com/home/join/work_detail?work_id=51,,官方来源明确；本次抽到 3 条成都职位（其中 3 条详情页）,已直接访问官网加入我们页，共5条职位，其中3条地点为成都彭州，另2条为北京、上海（未抽取）。页面提供带 work_id 的可直达详情页 URL。
CD0176,176,一汽丰田汽车（成都）有限公司,四川一汽丰田｜一汽丰田成都｜FAW Toyota Chengdu,B,http://www.sftm.com.cn,否,四川省成都市龙泉驿区经济技术开发区经开区南三路222号,四川省,成都市,龙泉驿区,四川省成都市龙泉驿区经济技术开发区经开区南三路222号,confirmed,智能制造与装备,搜索引擎公开检索|企业官网,中国一汽招聘（三地招聘-一汽丰田）,https://faw-zhaopin.hotjob.cn/positionList?recruitType=1&projectId=203201,group_unified_recruitment,集团统一招聘平台,集团统一招聘平台,group_career_site,是,true,是,,unknown,1,needs_manual_review,需人工复核,需人工复核,direct_job_observed,direct_page_visit,manual_review,2026-09-26,https://faw-zhaopin.hotjob.cn/positionList?recruitType=1&projectId=203201｜https://www.ncss.org.cn/student/jobs/XT6DCSNym6ereLGLkxpf7a/detail.html,,官方来源明确；本次抽到 1 条成都职位（其中 0 条详情页）,本次直接静态抓取该列表页返回「0个在招职位」（职位由JS动态加载），成都职位条目来自对官方招聘门户的检索快照（发布2025-09-29），故状态记为需人工复核。成都岗位为整车制造操作工类。校招另走 campus 通道。
CD0177,177,成都特隆美储能技术有限公司,特隆美储能｜Tecloman｜特隆美集团,A,http://www.tecloman.cn,是,四川省成都市新都区工业东区900号（集团总部）,四川省,成都市,新都区,四川省成都市新都区工业东区900号（集团总部）,confirmed,新能源,搜索引擎公开检索|企业官网,加入我们,http://www.tecloman.cn/join/,official_careers_page,企业官网自建招聘页,企业官网自建招聘页,official_company,是,true,是,,not_available,8,active,有效（当前有可见职位）,有效（当前有可见职位）,direct_job_observed,direct_page_visit,official_active,2026-09-26,http://www.tecloman.cn/join/｜https://www.tecloman.com/｜https://cdutjy.cdut.edu.cn/index/index/employdetail.html?data=MDAwMDAwMDAwMJG6n3_Ed6imi4qQtMOgppWKutCXxoi3i7igr7-BZHxnkLZ9i8WGpNOaaKLSxKCalom6mNs,,官方来源明确；本次抽到 8 条成都职位（其中 0 条详情页）,官网 tecloman.cn/join/ 以 https 直接抓取失败（fetch failed），职位名称、类别与「成都」工作地点标注来自对该官方页面的检索结果快照，共12条职位，本次按上限抽取8条。页面无独立详情链接，职位URL沿用列表页。
CD0178,178,成都天台山制药股份有限公司,天台山制药｜cdttszy,A,https://www.cdttszy.com,是,四川省成都市邛崃市天兴大道88号,四川省,成都市,邛崃市,四川省成都市邛崃市天兴大道88号,confirmed,生物医药,搜索引擎公开检索|企业官网,人力资源-人才招聘（招聘公告）,https://www.cdttszy.com/personnel/recruit,official_careers_page,企业官网自建招聘页,企业官网自建招聘页,official_company,是,true,是,,not_available,5,active,有效（当前有可见职位）,有效（当前有可见职位）,direct_job_observed,direct_page_visit,official_active,2026-09-26,https://www.cdttszy.com/personnel/recruit｜https://cdttszy.com/personnel/recruit?page=2｜https://qionglai.gov.cn/qlsgzxxw/c150925/2026-07/02/content_e695f2509a9e43e090051c2f2630c795.shtml,,官方来源明确；本次抽到 5 条成都职位（其中 0 条详情页）,已直接访问官网人才招聘页（含第1页5条、第2页多条），页面未逐条标注工作地，职位工作地按公司成都邛崃地址推定（location_confidence=inferred）。页面「立即申请」无独立详情URL，职位URL沿用列表页。
CD0179,179,四川顺丰速运有限公司,顺丰速运四川｜顺丰成都｜SF Express Sichuan,A,https://www.sf-express.com,否,四川省成都市成华区双林路251号十一科技广场B座8楼,四川省,成都市,成华区,四川省成都市成华区双林路251号十一科技广场B座8楼,confirmed,物流供应链,搜索引擎公开检索|企业官网,顺丰人才招聘系统-社会招聘,https://hr.sf-express.com/jobMainHandler/main/baseinfo.do,group_unified_recruitment,集团统一招聘平台,集团统一招聘平台,group_career_site,是,true,是,,not_available,1,active,有效（当前有可见职位）,有效（当前有可见职位）,direct_job_observed,direct_page_visit,official_active,2026-09-26,https://hr.sf-express.com/jobMainHandler/main/baseinfo.do｜https://crs-pub.sf-express.com/recruitcenter/?role=3｜https://job.sicau.edu.cn/employment/zpxx/znzp/znzp_info/index.html?id=256442,,官方来源明确；本次抽到 1 条成都职位（其中 0 条详情页）,集团统一招聘门户（企业自有域名）。社招职位列表中检索到明确标注「成都市」的岗位（产品经理，顺丰集团本部，2026-09-20）。列表页按城市排序，本次仅抽到1条成都职位。
