线索编号,企业名称,别名,成都关联线索,行业,发现渠道,线索URL,是否官方来源,建议下一步,风险说明,发现日期,备注
L001,成都天锐星通科技股份有限公司,天锐星通|T-RAY,四川大学就业职位页明确标注发布企业为成都天锐星通科技股份有限公司，工作地址为四川省成都市,通信与网络设备,高校就业网招聘公告（已过有效期）,https://jy.scu.edu.cn/index/index/employjobdetail.html?data=MDAwMDAwMDAwMJG6n3_Ed6imi4qQtLh4Y9-K0NSyyWHddricp9CWi5qikaeWacSdqLqGfaK2w4iil5C4zNbGiL-E,否,人工确认 t-ray.net 站点恢复情况，并核验“天锐星通招聘”公众号认证主体及是否存在当前可公开访问的招聘页面,官网本轮不可访问；高校职位有效期已于2026-09-21结束；公众号主体和当前招聘状态未核验,2026-09-26,该链接仅作曾有官方招聘活动的证据，不作为当前招聘入口，也不据此维持 active。
L002,成都雷电微力科技股份有限公司,雷电微力 301050,华南理工大学学生就业指导中心发布 9 个岗位（天线工程师/芯片工程师/微波产品工程师/电路工程师/FPGA工程师/热应力工程师/结构工程师/电源工程师/封装工艺师），公布时间 2026-09-19，通讯地址 四川省成都市双流区公兴街道华府大道四段19号，简历邮箱 li.caifeng@rml138.com（公司自有域名）,通信与网络设备,高校就业网（华南理工大学学生就业指导中心）,https://jyzx.scut.edu.cn/zpxq/list.htm?id=484192,否,找官网ATS/官方公告/官方社媒：核实 rml138.com 是否上线招聘页，或确认「雷电微力招聘」微信公众号/官方校招 ATS 域名,高校就业网为第三方发布，岗位可能仅面向该校；邮箱与官网域名一致但非官网公开招聘页,2026-09-26,V1.2 证据即华南理工就业网；本次复核官网首页无招聘栏目，无法升级为 official 来源
L003,成都雷电微力科技股份有限公司,雷电微力,西安电子科技大学就业信息网发布校园招聘简章（2027届，天线工程师/芯片工程师等），有效期至 2026-10-28,通信与网络设备,高校就业网（西安电子科技大学就业信息网）,https://job.xidian.edu.cn/campus/view/id/756993,否,找官网ATS/官方公告/官方社媒：比对简章中的投递入口是否为官网或第三方平台,第三方高校渠道发布，投递入口未在简章中完整展示,2026-09-26,与华南理工线索相互印证公司在招，但仍缺官方招聘页
L004,成都数之联科技股份有限公司,数之联,四川大学就业指导中心发布「电控工程师」「机械工程师」岗位，发布企业成都数之联科技股份有限公司，工作地址 四川省成都市双流区，发布时间 2026-09-02，并写明官网投递 https://unionbigdata.zhiye.com/,人工智能与大数据,高校就业网（四川大学就业指导中心）,https://jy.scu.edu.cn/index.php/index/index/employjobdetail.html?data=MDAwMDAwMDAwMJG6n3_Ed6imi4qQtLh4Y96KutSusmHddricp9CWi5qikaeWacSdqLqGfaK2w4iil5C4zNbGiL-E,否,找官网ATS/官方公告/官方社媒：复查 unionbigdata.zhiye.com 校招/社招列表是否重新上架成都双流区岗位,高校就业网为第三方；官方 ATS 当前显示暂无职位，存在已招满或暂未开放两种可能,2026-09-26,第三方显示工作地成都双流区，但官方 ATS 当前无职位，故未作为正式职位入库
L005,成都西山居互动娱乐科技有限公司,西山居成都,成都人才网发布「游戏客服-解限机」，招聘主体成都西山居世游科技有限公司，工作地高新区；另有第三方显示西山居成都办公地为武侯区佳辰国际中心/万象南路669号,游戏,成都人才网（第三方招聘站）,https://wx.rc114.com/JobInfoFair.aspx?jobOrderId=925639,否,找官网ATS/官方公告/官方社媒：在 hr.xishanju.com 前端渲染完成后按城市=成都筛选社招职位,招聘主体为「成都西山居世游科技有限公司」，与目标主体「成都西山居互动娱乐科技有限公司」可能不同；第三方站点不可作为官方来源,2026-09-26,hr.xishanju.com 为单页应用，静态抓取仅返回 loading..，无法确认成都岗位
L006,成都京东方光电科技有限公司,BOE 京东方成都,成都理工大学就业网发布「【研发类、工程类等】京东方2026全球校招研后投递通道开启」，工作地址四川省成都市郫都区，要求官网网申 campus.boe.com 按业务板块-职位类别-工作城市筛选；国家大学生就业服务平台转发 HiYOU 京东方2026全球校园招聘，研发类/工程类/市场类工作城市均含成都,电子信息制造,高校就业网 / 国家大学生就业服务平台,https://cdutjy.cdut.edu.cn/index/index/employjobdetail.html?data=MDAwMDAwMDAwMJG6n3_Ed6imi4qQtMeeY9yK0NSuyGHRp7ugzc-GnZ2skMx9ZMN4gtKLipCwxKF0lZC5sq-0gqJv,否,找官网ATS/官方公告/官方社媒：在 campus.boe.com 内按工作城市=成都筛选并抓取职位,第三方转载的工作城市为整体招聘城市池，不等于当前仍有成都空缺；京东方成都主体存在多个（光电/显示等）,2026-09-26,campus.boe.com 静态抓取无职位列表，城市筛选需站内交互
L007,中兴通讯股份有限公司成都分公司,中兴通讯成都,官网招聘首页提及「在深圳、北京、南京、西安、成都设有培训基地」；校招/社招职位列表分流至 Moka（app.mokahr.com/campus-recruitment/zte/46903、app.mokahr.com/social-recruitment/zte/47588），职位列表按前端路由渲染,通信与网络设备,企业官网 + 官方ATS（Moka）,http://job.zte.com.cn/,否,找官网ATS/官方公告/官方社媒：在 Moka 职位列表内按城市=成都筛选，或查阅中兴官网「招聘动态」公告,Moka 列表为前端路由（#/jobs），静态不可见；培训基地城市不等于招聘岗位城市,2026-09-26,本次未取得任何成都岗位，也未取得非成都岗位，has_chengdu_jobs 记 null
L008,北京京东世纪贸易有限公司成都分公司,京东成都,第三方与高校渠道显示京东在成都武侯区（京东集团全球总部成都园区/西部智谷）有客服、财务、信控类岗位；山西大同大学就业信息网发布「京东新锐之星-客服管理储备」，工作地点四川省成都市京东集团全球总部成都园区，发布时间 2026-09-10,软件与互联网服务,高校就业网（山西大同大学就业信息网）,http://public.sxdtdx.edu.cn/Zhaopin/zhiweiDetail.html?id=4d374687-1871-299d-b990-fd9f97c87b0f&jobtype=1,否,找官网ATS/官方公告/官方社媒：在 zhaopin.jd.com 站内按城市=成都检索社招职位,高校/第三方渠道发布；zhaopin.jd.com 首页热招列表不代表全站，未见成都不等于无成都岗位,2026-09-26,官网首页热招 10 条职位城市均非成都，故 has_chengdu_jobs 记 false 并保留人工复核
L009,中软国际科技服务有限公司成都分公司,中软国际成都,山东大学就业网发布的中软国际校招简章：管培生 11-20 人，工作地以北京/上海/深圳为主，未列成都；简历邮箱 zrgjxiaoyuan@chinasoftinc.com,IT服务与外包,高校就业网（山东大学）转载的官方校招简章,https://jobcareer.sdu.edu.cn/eweb/jygl/index.so?modcode=jygl_zpxxck&subsyscode=zpfw&rklx=jyw&lmxhV=0402&type=ssoZxzpView&id=TmdmfhF9QSzCpcM5iZCHDN,否,在 zhaopin.chinasoftinc.com 站内按城市=成都筛选，确认成都可见职位数量；或向成都交付基地 HR 核实官方投递入口,校招简章未列成都；官方招聘系统为 JS 渲染，静态抓取无法确认职位；BOSS直聘/51job 的成都岗位均为第三方,2026-09-26,V1.2 官网入口 /joinUs/index.htm 已 404，本轮已改录 zhaopin.chinasoftinc.com
L010,成都索贝数码科技股份有限公司,索贝 Sobey,BOSS直聘企业页显示成都武侯区岗位（高级开发工程师AI应用研发、算法工程师、销售代表政企成都、项目申报专员等）,软件与互联网服务,BOSS直聘（第三方）,https://www.zhipin.com/zhaopin/0894c18eb5bba7640XBy2tm7/,否,待 sobey.zhiye.com 恢复发布后取成都职位；或核实官网「加入索贝-社会招聘」栏目 URL,BOSS直聘为第三方平台，不计官方来源,2026-09-26,官方 ATS sobey.zhiye.com 当前显示「企业已暂停招聘」，第三方岗位活跃，二者状态需人工再核
L011,成都依米康科技集团股份有限公司,依米康 300249,2026 校招岗位：撬块结构工程师(应届生) 硕士 2 人、液冷系统工程师(应届生) 硕士 1 人，工作地点四川省成都市；简历邮箱 lijc@ymk.com.cn,智能制造与装备,高校就业网（西安交通大学）发布的官方招聘简章,https://job.xjtu.edu.cn/f/recruitmentinfo/show?recruitmentId=057f7bad12cb49fc9606f0212dc4a800,否,重新访问 ymk.com.cn 取「招贤纳士/加入我们」栏目真实 URL；或核实集团是否存在 ymk.zhiye.com 类企业专属 ATS,公告详情在高校站点，无法回到企业侧页面，故未计入正式职位；猎聘/51job 成都岗位为第三方,2026-09-26,依米康软件技术(深圳)有限责任公司官网 http://www.loncomip.com/person.html 设有社会招聘/校园招聘入口，属集团子公司自有域名，可作为下一步核实方向
L012,创意信息技术股份有限公司,创意信息 ST创意 300366,第三方平台显示成都岗位：算法工程师(多模态大模型方向) 成都郫都区、数据库管理员DBA 成都、AI智能体开发工程师 成都锦江区、全栈运维工程师 成都高新区等,软件与互联网服务,全职招聘网 / 谈职 / 猎聘（第三方）,https://www.quanzhi.com/job/69baa98b3e67084e25e6d8a9,否,向官网确认是否另设招聘子站（可查备案域名 sc-troy.com / troyinfo.cn / inno-gence.com），或核实社招投递邮箱/官方招聘公众号,官网导航确无招聘栏目；第三方岗位不计官方来源,2026-09-26,本轮已实际访问 troy.cn 首页与 /aboutUs，未发现招聘栏目
L013,成都易我科技开发有限责任公司,EaseUS 易我科技,猎聘企业页显示大量成都-高新区在招岗位：资深海外广告优化师、SEO外链与内容运营、海外内容与社区运营、大模型算法工程师、AI产品经理、海外ASO运营等；51job 企业主页披露招聘邮箱 zhaopin@easeus.com.cn、地址成都市高新区天益街38号理想中心1栋12楼,软件与互联网服务,猎聘 / 前程无忧（第三方）,https://m.liepin.com/company/7895954/,否,检查 easeus.com.cn 页脚/关于我们是否新增招聘入口，或核实 company.easeus.com.cn 下是否有 careers 页,猎聘/51job/天眼查均为第三方，不计官方来源；招聘邮箱来自 51job 企业主页（第三方披露）,2026-09-26,本轮实际抓取官网首页，未见任何招聘相关路径
L014,成都明途科技有限公司,明途科技 WorkBrain,第三方平台显示成都双流区岗位：AI算法工程师(NLP方向)、AI Agent开发工程师、安卓原生开发工程师、软件架构师、模型算法研究员；工作地址 成都双流区天府新经济产业园D区B6栋 / AI创新中心B区6-1栋,人工智能与大数据,BOSS直聘 / 鱼泡直聘 / 猎聘 / 全职招聘网（第三方）,https://m.yupao.com/zhaogong/338365188.html,否,核实 mingto.net 是否新增「加入我们」页，或确认企业专属 ATS（Moka/zhiye）入口,均为第三方平台；developer.workbrain.cn 的启航营为开发者社区招募，非企业招聘岗位,2026-09-26,本轮实际访问 mingto.net 首页，无招聘栏目
L015,成都华栖云科技有限公司,华栖云 ChinaMCloud,第三方显示成都岗位：AI开发工程师(视觉方向) 成都武侯区菁蓉汇4A9层、大客户销售助理 成都武侯区、客户成功部高级经理 成都武侯区天府五街200号4号楼A座9楼、高级前端开发工程师 成都,软件与互联网服务,智联招聘 / 全职招聘网 / 国聘（第三方）,https://jobs.zhaopin.com/CC411343030J40853043615.htm,否,核实 chinamcloud.com 是否新增「加入我们/人才招聘」入口，或确认企业专属 ATS,智联/全职网/国聘均为第三方平台，不计官方来源（国聘除非由企业官网直接指定为唯一入口）,2026-09-26,本轮实际访问 chinamcloud.com 首页，导航与页脚均无招聘入口
L016,成都芯进电子股份有限公司,芯进电子 CrossChip,第三方显示成都岗位：模拟设计工程师(校招/信号链方向、电机驱动方向) 成都-郫都区、模拟设计工程师(霍尔产品) 成都-郫都区、研发项目经理 成都-高新区、渠道成功经理/专员 成都-高新区、模拟设计工程师 成都-高新区,半导体与集成电路,前程无忧企业页 / 应届生求职网（第三方转载）,https://msearch.51job.com/jobs/all/co4139631.html,否,在 https://web.crosschipmicro.com/en/page/joinUs/joinUs.html?navIndex=2 页面启用 JS 渲染后抓取职位表，确认成都职位数量与详情链接,51job/应届生为第三方平台；官方 Join Us 页职位表为 JS 渲染，本次未取到职位行,2026-09-26,已升级为 official_careers_page（企业自有域名），待补职位样本
L017,成都华微电子科技股份有限公司,成都华微 688709,中国科学院大学就业信息网 2027 校招公告：模拟电路开发工程师、数字IC设计工程师、算法工程师、数字IC验证工程师、硬件开发工程师、光技术工程师、嵌入式软件工程师、IC测试工程师、检测技术员，工作地含成都；简历邮箱 zhaopin2@csmsc.com,半导体与集成电路,前程无忧校招频道（第三方）+ 高校就业网官方公告（证据）,https://campus.51job.com/cdhw/,否,核实 job.csmsc.com（本次返回 403）是否为企业自有招聘站；或核实 csmsc.com 官网是否新增人才招聘栏目,campus.51job.com 为平台域名下的企业校招专页，按规则不计官方来源；高校公告详情无法回到企业侧页面,2026-09-26,V1.2 即为此线索，本轮补充 .edu.cn 官方公告证据，仍未升级为官方入口
L018,成都天奥电子股份有限公司,天奥电子 002935,2027届校招：技术岗 10 人，硕士及以上，10K-16K/月，工作地址四川省成都市金牛区盛业路66号；咨询邮箱 tadz-zhaopin@cetc.com.cn；2026-10-15 成都理工大学宣讲会,电子信息制造,省级/高校就业平台（24365 智慧就业平台、贵州财经大学就业网）+ 前程无忧校招频道（网申）,https://24365.cq.smartedu.cn/job/view/id/1410064/from_type/3/from_id/132733,否,重新访问 tianaodz.com 确认是否新增人才招聘栏目或企业自有招聘系统,网申地址 campus.51job.com/elecspn 为平台域名，不计官方来源；就业平台公告详情无法回到企业侧页面,2026-09-26,本轮两次访问官网均抓取失败
L019,成都哆可梦网络科技有限公司,哆可梦游戏 DKMgame,第三方显示成都岗位（多为历史/面议）：平面设计师、游戏策划、手机网游项目制作人；智联企业专页地址 成都市高新区天府软件园D6楼15层,游戏,智联招聘企业专页 / 谈职（第三方）,https://special.zhaopin.com/pagepublish/27867671/index.html,否,确认 dkmol.com 官网是否可访问并含「加入我们」页；或核实其母公司（重庆惠程）体系内是否有官方招聘入口,官网本次访问失败；公开岗位多为 2020 年及以前历史信息；第三方信息显示公司存在劳动争议与终本案件，招聘活跃度存疑,2026-09-26,未找到任何官方招聘入口
L020,成都天象互动科技股份有限公司,天象互动 Skymoons,第三方显示成都岗位（多为历史信息）：产品专员、平面设计师、商务经理、公关经理、角色原画师、PHP开发工程师；地址 成都市高新区天府软件园E区,游戏,谈职 / 白鲸出海企业库（第三方）,https://tanzhi.cn/companies/a664936c-2662-4601-9a01-da09baa9c68e,否,确认 skymoons.com 官网可访问性并查找「加入我们」页；或核实企业域名邮箱 hr@skymoons.com 是否为当前唯一官方投递渠道,官网本次访问失败；检索到的岗位多为历史信息，第三方平台显示「暂无职位」,2026-09-26,未找到官方招聘页或 ATS
L021,成都朋万科技股份有限公司,朋万科技 836011,第三方历史岗位（成都-高新区）：手游3D角色、游戏主美、页游UI设计、服务端程序(C++/Lua)、Unity3d研发程序、场景原画、人物原画；地址 成都高新区天府软件园B8-F8,游戏,速猎网 / 火星招聘 / 谈职（第三方）,http://www.sulietou.com/gongsi.aspx?zpid=49259&mem=0,否,确认 pw19.com 官网可访问性并查找招聘栏目；或核实 hr@pw19.com 是否为当前官方投递邮箱,官网本次访问失败；公司已于 2025-03 从新三板终止挂牌，员工规模约 43 人（第三方口径），招聘活跃度低；岗位信息为历史数据,2026-09-26,未找到官方招聘页或 ATS
L022,成都国星宇航科技股份有限公司,国星宇航 Adaspace,2027「超新星、在国星」校招岗位：集成电路研究员、激光通信研究员（40w-60w，2027届博士）等，简历投递邮箱 hr@adaspace.com；第三方（BOSS直聘/猎聘）显示成都岗位：产品质量工程师、热控设计工程师、荧光检测工程师,航空航天,高校就业网（中山大学）官方招聘公告 + BOSS直聘/猎聘（第三方）,https://career.sysu.edu.cn/campus/view/id/996906,否,确认 adaspace.com 官网可访问性并查找招聘栏目/企业专属 ATS（如 adaspace.zhiye.com 或 Moka）,公告未写明岗位工作城市，成都归属只能由注册地推定；邮箱投递非页面入口；第三方岗位不计官方来源,2026-09-26,本轮官网访问失败，未取得官网侧证据
L023,成都大公博创信息技术有限公司,大公博创 DGB,智联企业页显示在招职位 25 个（成都）：FPGA开发工程师、C++软件开发工程师(Linux)、QT开发工程师、售前解决方案工程师、系统测试工程师(侦察/电子对抗方向)、生产测试岗；另有 2026 届春季校招（软件测试实习生等）,通信与网络设备,智联招聘 / 今日招聘（第三方）,https://www.zhaopin.com/companydetail/CZ638939220,否,在 dgbc.net.cn 站内（含页脚/关于我们/新闻中心）再确认是否有招聘栏目，或核实是否存在企业专属 ATS,智联/今日招聘均为第三方平台，不计官方来源；本轮官网首页未见招聘栏目,2026-09-26,本轮首次确认官网域名 https://dgbc.net.cn（V1.2 官网字段为空）
L024,成都晓多科技有限公司,晓多科技|XiaoduoAI|晓模型XPT,工商注册在成都（天府新区/武侯区天府软件园A区），主营电商AI客服SaaS与大模型,人工智能与大数据,BOSS直聘企业页 / 鱼泡直聘企业页,https://www.zhipin.com/job_detail/8bdcddad4953fbad03d429u-EFFQ.html,否,官网 www.xiaoduoai.com 首页未见招聘入口，需确认是否存在 /careers、/join 或企业专属 Moka/zhiye 招聘站,第三方平台，非官方；官网招聘入口未找到,2026-09-26,AI-SaaS 方向优质成都标的，建议人工再查官网导航与公众号『晓多科技』
L025,成都知识视觉科技有限公司,知识视觉|knowledge-vision|数图保,工商注册地成都金牛区（信息园东路99号/金科东路50号天府智能研究院），医疗+保险AI与RPA,人工智能与大数据,智联招聘企业专页 / 猎聘校招企业页,https://special.zhaopin.com/Flying/pagepublish/43361278/index.html,否,访问官网 https://www.knowledge-vision.com 查找招聘入口，或核实 hr@knowledge-vision.com 官方邮箱公告,第三方平台，非官方；官网招聘入口未确认,2026-09-26,官网域名已在工商备案信息中确认，但本次未找到官方招聘页
L026,工业云制造（四川）创新中心有限公司,工业云创|云创中心,中国航天科工集团下属，注册地成都高新区益州大道中段599号航天城上城13栋，工业互联网+AI,软件与互联网服务,四川大学就业指导中心 / 西南财经大学天府学院就业网,https://jy.scu.edu.cn/index/index/employjobdetail.html?data=MDAwMDAwMDAwMJG6n3_Ed6imi4qQsMOen5iKk7aqyobRoslkzdGLeKKvjqaBh8WefduOpIyww6Bs1ZC6mdOzhtGnsnOeow.html,否,从成都数据集团官网生态页 https://www.casicloud.cn/subsidiaries/sichuan.html 进入企业官网，查找招聘栏目,高校就业网为第三方发布；官方招聘页未找到，仅见投递邮箱 hr@industrialcloud.cn,2026-09-26,2025-12 发布过『实习生(人工智能方向)』，工作地成都双流区
L027,四川具身人形机器人科技有限公司,具身科技|天行者1号,总部位于成都高新区新川路469号，人形/四足机器人研发，2026年在招多模态交互大模型研究员、深度强化学习算法工程师等,人工智能与大数据,四川大学就业指导中心 / 成都高新区招聘公告（澎湃新闻转载）,https://www.thepaper.cn/newsDetail_forward_34088464,否,确认官网 eir.com.cn 是否上线招聘栏目；目前仅见邮箱投递 hr@eir.com.cn,高校/媒体转载为第三方；无企业官方招聘页,2026-09-26,具身智能方向，值得后续入库
L028,真术相成（成都）科技有限公司,真术相成,成都高新区天府五街200号2号楼A区12楼，2026-06 发布『大模型/Agent工程师』，工作地成都武侯区慧谷,人工智能与大数据,四川（成都）公共招聘网,https://cd.sc91.org.cn/app/home/jobdetail/2947299.shtml?comptype=1&post_id=2021004,否,查找企业官网与官方招聘入口（官网/ATS/公众号）,政府公共招聘网为第三方聚合平台，非企业官方入口,2026-09-26,暂未发现企业官方网站
L029,成都数创物联科技有限公司,数创物联|cdscwl,成都数据集团生态企业（无线通信方向），官网域名 cdscwl.cn 由成都数据集团官网列示,软件与互联网服务,成都数据集团官网生态布局页,https://www.cdbdata.cn,否,重试访问 http://www.cdscwl.cn ；若恢复则查找招聘栏目，或改从成都数据集团员工招聘公告中检索所属企业岗位,官网本次访问失败（fetch failed），招聘入口未知,2026-09-26,成都国资数字化生态企业，可作为成都数据集团关联标的
L030,成都市数字城市运营管理有限公司,数字城市运营|cdszcs,成都数据集团生态企业（智慧城市建设方向），官网域名 cdszcs.com 由成都数据集团官网列示,软件与互联网服务,成都数据集团官网生态布局页,https://www.cdbdata.cn,否,重试访问 https://www.cdszcs.com ；若恢复则查找招聘栏目,官网本次访问失败（fetch failed），招聘入口未知,2026-09-26,与成都数据集团共用集团招聘公告渠道
L031,亚信科技（中国）有限公司（成都）,亚信科技|AsiaInfo|01675.HK,校招/社招工作城市含成都，成都设有交付与研发团队,软件与互联网服务,51job 托管校招专页 campus.51job.com/asiainfo,http://campus.51job.com/asiainfo/,否,在亚信科技官网 asiainfo.com 查找『加入我们/人才招聘』自有入口，确认是否为企业专属 ATS,前程无忧51job 属第三方平台，按红线不得作为官方来源；且未直接确认成都岗位,2026-09-26,另有亚信安全（asiainfo-sec.com，688225）同为亚信系，可一并核查成都岗位
L032,浪潮集团有限公司（成都）,浪潮|Inspur,2027届校招工作地点明确含成都（技术支持类等岗位）,软件与互联网服务,企业校招简章（高校就业网转载）,https://career.csu.edu.cn/campus/view/id/584411,否,访问浪潮官方招聘门户 career.inspur.com，筛选工作地成都的岗位后入库,本次访问 career.inspur.com/campus2027/campus.html 失败（fetch failed），未在官方页面直接确认成都岗位,2026-09-26,未纳入 companies，待官方页面可访问后再补
L033,成都房联云码科技有限公司,房联云码,成都数据集团所属企业，2026年9月社招公告的用人单位之一，工作地成都,软件与互联网服务,成都数据集团官网招聘公告（岗位明细在PDF附件）,https://www.cdbdata.cn/jobinfo.thtml?t=1309&cid=101179&pn=,否,下载公告附件《岗位信息表》PDF 获取具体职位名，或查找企业自有官网招聘页,职位名称未能在官方页面直接读到（仅在PDF附件中）；报名入口为前程无忧网申系统（第三方）,2026-09-26,成都国企数字化标的，可随成都数据集团一并跟踪
L034,成都超算中心运营管理有限公司,超算运营公司|成都超算中心,成都天府新区（成都超算中心、成都鲲鹏生态基地），成都产业集团与成都天投集团合资，2026年9月社招用人单位之一,人工智能与大数据,成都数据集团官网招聘公告 / 成都人才网,https://www.cdbdata.cn/news_detail.thtml?cid=33976&t=61,否,确认是否有企业自有官网与招聘栏目；或从成都数据集团招聘公告附件提取岗位名,现有岗位信息来自集团公告PDF与第三方平台；未直接确认官方职位页,2026-09-26,算力基础设施方向，与华鲲振宇同赛道但主体不同，非重复
L035,成都市思叠科技有限公司,思叠科技,2026年发布『AI Agent 开发工程师(Python / 大模型方向)』，工作地成都-双流区,人工智能与大数据,BeBee 招聘聚合站,https://bebee.com/cn/jobs/ai-agent-python--techmap_cn_83816023,否,查找企业官网与官方招聘入口（官网/ATS/公众号）,聚合招聘站为第三方，非官方；未找到企业官网,2026-09-26,小体量 AI 标的，优先级低
L036,成都趣睡科技股份有限公司,趣睡科技|8H,注册地成都高新区天府大道中段1268号1栋，互联网家居/小米生态链,软件与互联网服务,武侯人才网企业主页,http://www.cdwhrc.com/company2263503.shtml,否,访问官网 http://8hsleep.com 查找招聘入口；确认其岗位是否属软件/互联网方向,第三方人才网，非官方；主营偏家居制造与电商，与 AI/软件方向匹配度低,2026-09-26,暂不入库，方向匹配度不足
L037,成都天府通金融支付股份有限公司,天府通|cdtft,四川省成都市高新区天府四街300号财智中心2号楼A座6层、7层（持牌支付机构，成渝一卡通运营方）,金融科技,企业官网（cdtft.cn）,https://www.cdtft.cn/,否,在官网或「天府通」公众号查找人才招聘栏目/招聘邮箱，确认是否存在自建招聘页或企业专属ATS,本次访问官网首页未见招聘入口；第三方平台（猎聘/企云库）显示的在招职位均为第三方来源,2026-09-26,官网可访问并确认成都地址，但无官方招聘入口证据，故未进 companies。
L038,四川影目科技有限公司,影目科技|INMO|inmolens,四川省成都市成华区航天路31号2栋8层2号附3号（注册地；公司称以成都为全国总部、深圳为研发中心）,数字内容,企业官网（inmolens.com）,https://inmolens.com/,否,确认官网是否有 Join Us/加入我们 栏目，或检索企业专属 ATS（zhiye/Moka）,本次访问官网首页未见招聘入口；猎聘等第三方显示岗位集中在深圳/上海，成都岗位仅1个政企销售（第三方）,2026-09-26,AR/AI 智能眼镜企业，成都总部+深圳研发中心，公开岗位以深圳为主。
L039,成都洋葱新未来网络科技有限公司,洋葱集团|洋葱视频|onion-inc,中国(四川)自由贸易试验区成都高新区天府四街158号2栋1单元33楼3301号（OCG国际中心B座32-33楼）,数字内容,企业官网（onion-inc.cn / onionvideo.cn）,https://www.onion-inc.cn,否,重试官网（onionvideo.cn）并查找「加入我们」栏目或公众号招聘入口,本次直接访问 onion-inc.cn 失败（fetch failed）；现有职位信息全部来自猎聘等第三方平台,2026-09-26,头部短视频 MCN（办公室小野、代古拉K等IP），成都总部约300人。
L040,成都乐动信息技术有限公司,咕咚|Codoon,中国(四川)自由贸易试验区成都市高新区世纪城南路599号7栋13层1301-1304号,软件与互联网服务,企业官网（codoon.com）,https://www.codoon.com,否,查找 codoon.com 的「加入我们/招聘」子页或企业专属 ATS,本次检索仅见第三方平台（谈职、速猎网等）的历史职位；官网首页未发现招聘入口,2026-09-26,运动互联网公司，招聘岗位多标注成都，但缺官方招聘入口证据。
L041,成都医云科技有限公司,医联|Medlinker,成都市高新区天府软件园B区6栋2层（工商/第三方登记地址）,软件与互联网服务,企业官网招聘页（medlinker.com/join/hr）,https://medlinker.com/join/hr,否,在官网确认成都办公地址页面，并复核招聘页是否更新出成都岗位,官方招聘页可见职位均为北京/深圳岗且发布日期为 2024-01-19；本次未看到成都岗位，故未进 companies,2026-09-26,互联网医疗平台，企业主体在成都；招聘邮箱 recruiter@medlinker.net。
L042,成都橙风趣游科技有限公司,橙风趣游|METAJOY|metajoy,成都高新区（官网写明「总部橙风趣游位于成都高新区」；办公地天府软件园A5/E8）,游戏,企业官网（metajoy.cn）,https://www.metajoy.cn/,否,在官网或公众号查找招聘入口，确认是否有自建职位列表,官网首页未见 Join Us/加入我们 栏目；现有职位信息全部来自BOSS直聘/全职招聘网等第三方,2026-09-26,出海休闲游戏研发发行商（Puzzledom、Drag n Merge），成都高新区。
L043,成都掌娱天下科技有限公司,掌娱天下|palmjoys,成都高新区天晖中街56号1栋14层1405号（办公地：武侯区天府软件园D2座）,游戏,企业官网（palmjoys.com）,http://palmjoys.com/,否,确认官网现为软件外包站，招聘入口需另行核实（hr@palmjoys.com）,官网首页现为软件研发外包介绍，未见招聘栏目；职位仅见于智联/猎聘等第三方,2026-09-26,手游研发发行商（《北欧女神》《召唤启示录》等）。
L044,成都方之影视制作有限公司,方之影视|fzys,成都市锦江区58神奇空间写字楼1号楼802（第三方登记地址）,数字内容,企业官网（fzys.cn）,https://fzys.cn,否,访问官网查找「加入我们」栏目，确认是否有官方职位列表,职位信息仅见于 BOSS直聘（第三方）；官网是否设招聘栏目未验证,2026-09-26,原创动画IP孵化与游戏CG/PV制作，参与《王者荣耀》《灵笼》等项目。
L045,成都摩宝网络科技有限公司,摩宝网络|Mo宝支付|mobaopay,中国(四川)自由贸易试验区成都高新区益州大道中段1800号4栋11层1101-1103号,金融科技,企业官网（mobaopay.com，第三方登记）,https://www.mobaopay.com,否,核实官网可达性与是否有招聘栏目；同时评估企业经营风险后再决定是否收录,第三方信息显示企业2025年员工规模仅6人、2026年被列入被执行人并被行政处罚，招聘活跃度存疑；HR邮箱 hr@mobao360.com,2026-09-26,四川本土持牌第三方支付机构，建议人工复核后再入库。
L046,宇芯（成都）集成电路封装测试有限公司,宇芯成都|UNISEM Chengdu,成都市高新区（西区）科新路8号附2号，马来西亚友尼森UNISEM投资，半导体封测,半导体与集成电路,前程无忧企业页 / 企云库 / 猎聘（第三方）,https://jobs.51job.com/houqin/co981969.html,否,核实集团站 unisemgroup.com 是否设 Careers 栏目及成都岗位页，或确认企业自有招聘系统,第三方平台，非官方；集团站 unisemgroup.com 未检索到招聘入口,2026-09-26,本次仅检索到第三方平台在招职位（设备工程师、DP封装工艺工程师、质量工程师、WB工艺工程师等，工作地成都郫都/高新），官网/ATS 未确认
L047,成都玖锦科技有限公司,玖锦科技|JIUJIN Tech,成都高新区，高端电子测试测量仪器（示波器/矢量网络分析仪）,电子信息制造,国聘平台企业职位 / 第三方校招资讯站（非官方）,https://www.iguopin.com/company?id=155295530623173451,否,确认官网 jiujintech.com 是否新增「加入我们/人才招聘」栏目及职位列表URL,第三方平台，非官方；官网首页本次未见招聘入口,2026-09-26,官网 jiujintech.com 可访问（产品/新闻），本次未检索到招聘栏目；2027届校招与社招职位（射频工程师、FPGA工程师、算法工程师等，成都高新区）仅见于国聘与第三方校招站
L048,成都唐源电气股份有限公司,唐源电气|300789,成都市武侯区唐源大厦；轨道交通检测监测装备，另有无人机侦测反制方向,智能制造与装备,BOSS直聘 / 全职招聘网 / 谈职（第三方）,https://tanzhi.cn/companies/9ff17e5c-75a9-49f3-9b98-b93713998645,否,先核实企业独立官网域名，再找官网人才招聘栏目或企业专属ATS,第三方平台，非官方；本次未确认企业官网域名,2026-09-26,公开在招职位（射频工程师、C++开发工程师、视觉图像算法工程师、无人机总体设计工程师等，工作地成都）仅来自第三方平台
L049,成都必控科技有限责任公司,必控科技|康达新材旗下,成都市高新区世纪城南路599号D区5栋；生产基地在成都东部新区（简阳），2027年3月后迁成华区龙潭工业园,电子信息制造,智联招聘企业页 / 高校就业网（第三方）,https://www.zhaopin.com/companydetail/CZL1242799210,否,核实企业是否设独立官网及官网招聘栏目,第三方平台，非官方；本次未检索到企业官网,2026-09-26,电磁兼容/滤波器方向，公开在招职位（电磁兼容设计工程师、电源模块设计工程师、电装工艺工程师等，工作地成都）仅来自第三方平台与高校就业网
L050,蜂巢能源科技（成都）有限公司,蜂巢能源成都|SVOLT Chengdu,生产基地在成都东部新区简州新城方家林大道工业园区 / 成都简阳,新能源,企业官网首页（svolt.cn 未见招聘栏目）+ 高校就业网校招公告,https://www.svolt.cn/,否,找官网招聘页或企业专属ATS（校招官网/网申系统）URL,本次仅确认集团官网与高校发布的校招简章（工作地含成都），未找到企业自有在线职位库,2026-09-26,校招简历邮箱 bbuzhaopin@svolt.cn；社招岗位主要见于第三方平台，未计入官方来源
L051,四川恩威制药有限公司（恩威医药股份有限公司）,恩威医药|洁尔阴|恩威集团,四川省成都市双流区双华路三段458号,生物医药,企业官网 enwei.com.cn（导航含「人才招聘」栏目，未定位到具体URL）,https://www.enwei.com.cn,否,人工打开官网「人才招聘」栏目并补全招聘页URL与职位列表,本次仅从检索结果确认官网存在人才招聘栏目，未抓取到具体职位页,2026-09-26,在招岗位主要经智联招聘等第三方发布，未计入官方来源
L052,四川携光生物技术有限公司,携光生物|C-Luminary|携创生物,成都市郫都区西芯大道6号博力科技园（集团总部）,医疗器械,企业官网 c-luminary.com（招聘简介写明「集团公司官网：人才招聘 http://www.c-luminary.com/」）,http://www.c-luminary.com/,否,人工定位官网人才招聘栏目具体URL（list 栏目页）,本次抓取官网首页未返回人才招聘栏目链接；官网明确提示网招平台为智联（第三方）,2026-09-26,招聘邮箱 xghr@c-luminary.com，招聘热线 028-8798-7800
L053,四川新荷花中药饮片股份有限公司,新荷花|Neautus,成都高新区西部园区合瑞南路8号,生物医药,企业官网 xinhehua.com（未见招聘栏目）,https://www.xinhehua.com/,否,确认官网是否设人才招聘栏目，或核实公众号/邮箱投递入口,官网未见招聘入口；在招职位仅见于前程无忧、鱼泡等第三方平台,2026-09-26,2026 管培生项目经高校就业网发布
L054,成都积微物联集团股份有限公司,积微物联|Jwell|达海,成都市金牛区沙湾路攀钢金贸大厦19楼,物流供应链,企业官网 jwell56.com（未见招聘栏目）,https://www.jwell56.com/,否,确认官网招聘入口或企业专属ATS；当前校招简历邮箱 jwellhr@chinalco.com.cn,官网无招聘栏目；可见岗位主要发布于国聘、应届生求职网等非企业官方渠道,2026-09-26,央企中国铝业集团下属，国聘显示15个在招职位（第三方平台，未计入官方来源）
L055,成都地奥制药集团有限公司,地奥集团|地奥心血康,成都市高新区高新大道创业路26号,生物医药,搜索结果中 diao.com 返回「安全产品管理平台」登录页，非企业官网,http://www.diaocdyy.com/,否,确认地奥集团官方主域名与是否有自建招聘页,未验证到可用的企业官网与官方招聘入口；第三方平台显示在招职位10个，非官方来源,2026-09-26,旗下地奥集团成都药业股份有限公司官网 diaocdyy.com 可访问，未见招聘栏目
L056,成都航天模塑股份有限公司,航天模塑|成都航天模塑,成都经开区（龙泉驿区）航天北路118号,智能制造与装备,第三方平台企业页（猎聘/四川人才网）,https://m.liepin.com/company/8140364,否,找官网招聘页或企业专属ATS（大量成都龙泉驿岗位）,本次未检索到企业自有官网与招聘入口，职位均来自第三方平台,2026-09-26,成都龙泉驿在招岗位含 CAE工程师、内饰技术经理、预研工程师（汽车电子硬件）等
L057,成都大运汽车集团有限公司,大运汽车成都|成都大运,四川省成都经济技术开发区车城东七路388号（龙泉驿区）,智能制造与装备,第三方平台企业页（猎聘/智联）,https://m.liepin.com/company-jobs/9892291/,否,确认企业官网是否存在并设有招聘栏目,猎聘企业页显示「官网未公布」；本次未找到企业自有招聘入口,2026-09-26,成都岗位含底盘工程师、营销中心区域经理等
L058,成都天兴山田车用部品有限公司,天兴山田|chn-ytc,成都市龙泉驿区世纪大道2号（星光西路63号）,智能制造与装备,高校就业网发布的招聘简章PDF（含公司主页 www.chn-ytc.com）,http://www.chn-ytc.com,否,确认官网是否有在线职位库,未见在线职位；公开职位信息来自第三方聚合与企业黄页,2026-09-26,中日合资汽车零部件企业（机油泵/水泵/转向管柱）
L059,成都国际铁路港经济技术开发区建设发展有限公司,成都国际铁路港|陆港新通道|铁港亚蓉欧,成都市青白江区（成都国际铁路港经开区）,物流供应链,青白江区政府门户网发布的区属国企公开招聘公告/PDF,https://www.qbj.gov.cn/qbjq/c137429/2026-07/10/4ea6ebc5646b409f9f586e1b63f7cee8/files/79280488d6c5458e83e877d9a235fe8f.pdf,否,确认企业官网与公司统一招聘入口,本次仅检索到政府公告渠道，未找到企业自有招聘系统；公告为已公示拟聘人员的历史批次,2026-09-26,下属成都陆港新通道国际贸易有限公司、成都铁港亚蓉欧进出口贸易有限公司有贸易/物流岗
L060,成都传化公路港（传化物流集团有限公司）,传化智联|传化物流|成都传化智慧物流港,成都新都区成都传化智慧物流港A区 / 成都传化公路港,物流供应链,传化物流校招页（statictest.tf56.com，企业自有域名但为测试环境）,https://statictest.tf56.com/campusRecruitment/wwwroot/jobs.html,否,找正式域名的校招/社招入口（tf56.com 或 transfarzl.com）,URL 位于 statictest 测试子域，不确定为正式官方入口；工作地点含成都但为集团多城市岗位,2026-09-26,集团总部杭州，成都为其公路港基地之一
L061,成都市新津事丰医疗器械有限公司,新津事丰,成都市新津区普兴街道西新大道3561号,医疗器械,第三方平台企业页（智联招聘）+ 四川公共招聘网,https://company.zhaopin.com/CZ133274210.html,否,确认企业是否有官网及招聘栏目,未检索到企业官网；职位信息全部来自第三方平台与政府公共招聘网,2026-09-26,在招岗位含非标自动化机械设计技术员、外贸专员、质检员等
L062,四川科伦药物研究院有限公司,科伦研究院|科伦药物研究院,四川省成都市海峡两岸科技园新华大道2段（温江区）,生物医药,科伦药业企业专属ATS kelun.zhiye.com（与池内 CD0024 科伦药业共用同一招聘系统）,"https://kelun.zhiye.com/job_show/230911982?c=5101&d=&k=&p=1%5E5,3%5E-1&r=",否,疑似重复待去重：确认是否作为独立主体新增，还是归入已有科伦药业条目,疑似重复待去重（现有名单已收录四川科伦药业股份有限公司 CD0024 与科伦博泰 CD0023），招聘系统同为 kelun.zhiye.com,2026-09-26,职位如「科伦研究院-生物统计经理(J13332)」「科伦研究院-临床药理助理科学家(J13424)」工作地点为四川省-成都市-温江区
L063,成都觅瑞科技有限公司（跨境电商方向线索）,成都觅瑞,成都高新区,其他,第三方平台职位（猎聘）,https://m.liepin.com/job/1981603435.shtml,否,成都跨境电商方向企业普遍无自建招聘入口，建议后续按园区名单逐一核实官网,第三方平台，非官方；本次未在成都跨境电商方向找到可用的企业官方招聘页,2026-09-26,跨境电商/亚马逊运营类岗位在成都多为中小规模企业，招聘集中在第三方平台
L064,科大讯飞股份有限公司（成都）,,,其他,,,否,,,2026-09-26,北森 zhiye.com 新版门户为纯前端渲染，/campus/jobs、/social/jobs、/7/jobs 等路径静态抓取均只返回 SPA 外壳，无职位列表与 zpdetail 链接，本轮无法取得带 ID 的详情链接，按规则跳过
L065,成都银行股份有限公司,,,其他,,,否,,,2026-09-26,bocd.zhiye.com 所有路径（/、/home、/social/jobs、/campus/jobs、/jobs 等）均返回同一 SPA 外壳（约13KB，无职位数据），静态抓不到列表，跳过
L066,四川银行股份有限公司,,,其他,,,否,,,2026-09-26,scbank.hotjob.cn 仅为 iframe 外壳，真实列表由页面内 POST /wecruit/common/getSLD 内部接口注入；/positionList 等路径同样为空壳。按规则不调用隐藏接口，跳过
L067,成都奕成科技股份有限公司,,,其他,,,否,,,2026-09-26,echint.zhiye.com 为 SPA 渲染，/campus/jobs、/social/jobs 均只返回门户外壳，无职位数据，跳过
L068,一汽丰田汽车（成都）有限公司,,,其他,,,否,,,2026-09-26,中国一汽招聘站为 create-react-app 单页应用，positionList 页静态 HTML 仅 <div id=root>，职位数据由 JS 异步加载，抓不到 positionDetail 链接，跳过
L069,中创新航科技（成都）有限公司,,,其他,,,否,,,2026-09-26,calbjs.zhiye.com 为 SPA 渲染，/social/jobs、/home、/campus/jobs 均返回同一外壳（约34KB 无职位数据），静态抓不到 zpdetail 链接，跳过
L070,迈普通信技术股份有限公司,,,其他,,,否,,,2026-09-26,Moka 校招门户为客户端渲染，带 cookie 抓取到的 HTML 仅含标题「中国电子迈普通信技术股份有限公司 - 校园招聘」，无 /job/{id} 或 /position/{id} 链接，跳过
L071,深信服科技股份有限公司（成都）,,,其他,,,否,,,2026-09-26,深信服招聘站为 Nuxt SSR 页面，但校招/社招列表岗位区域显示「没有数据」「无数据」，静态抓取拿不到任何职位条目，跳过
L072,杭州安恒信息技术股份有限公司（成都）,,,其他,,,否,,,2026-09-26,安恒招聘官网（北森）为 SPA 渲染，/、/social/jobs 等路径均只返回门户外壳，无职位列表，跳过
