company_id,公司名称,类型,变更字段,变更前,变更后,变更原因,官方证据URL,复核日期,风险等级,是否可直接合并
CD0118,成都阿加犀智能科技有限公司,新增,整条记录,（V1.2 未收录）,有效（当前有可见职位）｜企业官网自建招聘页｜official_active,公司全称为『成都阿加犀智能科技有限公司』；四川大学就业指导中心发布的该企业校招信息（jy.scu.edu.cn）显示职位工作地址为『四川省成都市武侯区』；官网『加入我们』页面当前展示7个在招岗位,https://www.aidlux.com/about/join｜https://www.aidlux.com,2026-09-26,低,是
CD0119,成都超有爱科技有限公司,新增,整条记录,（V1.2 未收录）,有效（当前有可见职位）｜企业官网自建招聘页｜official_active,官网校招页面明确写『公司所在地: 成都』并列出9个校招职位；简历投递邮箱 xzhr@baicizhan.com,https://www.baicizhan.com/mobile/campus.html,2026-09-26,低,是
CD0120,成都医云科技有限公司,新增,整条记录,（V1.2 未收录）,有效（当前有可见职位）｜企业官网自建招聘页｜official_active,工商主体为『成都医云科技有限公司』（品牌名医联 Medlinker），官网 medlinker.com 与 medlinker.tech 均由该企业备案；官网招聘页展示的当前职位工作地均为北京/深圳/上海/全国，本次未在官方页面看到明确标注成都的岗位,https://medlinker.com/join/hr,2026-09-26,中,是
CD0121,四川锦云数智信息技术有限公司,新增,整条记录,（V1.2 未收录）,有效（当前有可见职位）｜企业官网自建招聘页｜official_active,官网『加入我们』页招聘表格『工作地点』列对全部3个岗位均明确写『成都』，并给出招聘人数（2人/4人/4人）；投递邮箱 hr@jinyunsz.com,http://jinyunsz.com/channels/195.html,2026-09-26,低,是
CD0122,成都海艺智创科技有限公司,新增,整条记录,（V1.2 未收录）,有效（当前有可见职位）｜企业专属官方ATS｜official_active,企业专属 Moka 校招站页面标题即为『成都海艺智创科技有限公司 - 校园招聘』；官网 home.haiyi.art 新闻显示公司与天府新区共建星海OPC创业营、举办2026星海杯AIGC大赛，主体『成都海艺互娱科技有限公司』注册于天府新区,https://app.mokahr.com/campus-recruitment/haiyi/150699?locale=zh-CN｜https://home.haiyi.art,2026-09-26,中,是
CD0123,中移（成都）信息通信科技有限公司,新增,整条记录,（V1.2 未收录）,有效（当前有可见职位）｜集团统一招聘平台｜official_active,集团官方招聘平台 job.10086.cn 校招栏目『成都产业研究院』职位列表共8条，每条『工作地点』均显示『四川省-成都市』，招聘单位为『成都产业研究院-中移（成都）产业研究院』,https://job.10086.cn/personal/campus/campus_job_list.html?cId=91｜https://job.10086.cn/personal/campus/,2026-09-26,低,是
CD0124,时时同云科技（成都）有限责任公司,新增,整条记录,（V1.2 未收录）,有效（当前有可见职位）｜企业专属官方ATS｜official_active,企业专属 ATS keruyun.zhiye.com 职位详情页『工作地点』字段明确写『四川省-成都市』；企业工商注册地为中国（四川）自由贸易试验区成都高新区益州大道1999号15栋8层801号,https://keruyun.zhiye.com/home｜https://keruyun.zhiye.com/zpdetail/230805722｜https://keruyun.zhiye.com/zpdetail/230805650,2026-09-26,低,是
CD0125,杭州安恒信息技术股份有限公司（成都）,新增,整条记录,（V1.2 未收录）,需人工复核｜企业专属官方ATS｜manual_review,企业专属招聘系统 ahzp.dbappsecurity.com.cn 已确认可访问，导航含社会招聘/实习生招聘；第三方聚合信息显示安恒在成都高新区/双流区有『软件开发工程师(成都)』『后端高级开发工程师(成都)』『golang开发工程师(成都)』等岗位,https://ahzp.dbappsecurity.com.cn/,2026-09-26,中,是
CD0126,成都链安科技有限公司,新增,整条记录,（V1.2 未收录）,有效（当前有可见职位）｜企业官网自建招聘页｜official_active,官网首页『招聘岗位』板块逐条标注工作地点为『四川成都』（海外售前工程师、安全研究工程师、AI Agent开发工程师）；官网公司简介写明『成都链安科技有限公司 成立于2018年3月』,https://www.lianantech.com,2026-09-26,低,是
CD0127,成都数据集团股份有限公司,新增,整条记录,（V1.2 未收录）,有效（当前有可见职位）｜企业官网自建招聘页｜official_active,官网『员工招聘-招聘公告』栏目发布多条招聘公告；2026年4月市场化选聘公告岗位表明确『工作地点：成都市锦江区』；2026年9月17日社招公告（报名截止2026年10月25日）当前处于进行中,https://www.cdbdata.cn/job.thtml?t=1309&cid=1｜https://www.cdbdata.cn/jobinfo.thtml?t=1309&cid=78572&pn=｜https://www.cdbdata.cn/jobinfo.thtml?t=1309&cid=101179&pn=,2026-09-26,低,是
CD0128,中科创达软件股份有限公司（成都研发中心）,新增,整条记录,（V1.2 未收录）,有效（当前有可见职位）｜企业官网自建招聘页｜official_active,中科创达官网校招页在招岗位中，『2026 校园招聘 — 研发工程师』标注城市为『北京 / 上海 / 深圳 / 成都』，『2026 校园招聘 — 测试工程师』标注为『成都 / 上海』，成都为官方页面明确列出的工作城市,https://www.thundersoft.com/careers/campus｜https://www.thundersoft.com/xiaozhao/,2026-09-26,低,是
CD0129,深信服科技股份有限公司（成都）,新增,整条记录,（V1.2 未收录）,有效（当前有可见职位）｜企业专属官方ATS｜official_active,"深信服官方招聘系统 hr.sangfor.com 校招页面『深信服27届—技术研发工程师（AI潜力方向）』明确标注『工作城市：深圳市,长沙市,北京市,成都市』",https://hr.sangfor.com/schoolRecruitment,2026-09-26,低,是
CD0130,奇安信科技集团股份有限公司（成都）,新增,整条记录,（V1.2 未收录）,有效（当前有可见职位）｜企业官网自建招聘页｜official_active,"奇安信官网校招职位页（www.qianxin.com/campus/internJobSearch）显示『渗透测试工程师(安服) 安全类 北京,广州,成都,深圳,上海』；奇安信天工实验室官网招聘页（poc.qianxin.com/join-us）显示『安全工程师 - Web漏洞方向 工作地点: 南京､成都､西安』",https://www.qianxin.com/campus/internJobSearch｜https://poc.qianxin.com/join-us｜https://campus.qianxin.com/,2026-09-26,低,是
CD0131,科大讯飞股份有限公司（成都）,新增,整条记录,（V1.2 未收录）,需人工复核｜企业专属官方ATS｜manual_review,校招官网 campus.iflytek.com 城市筛选项包含『成都市』，2026届校招岗位列表曾出现『Java开发工程师(大量HC) 研发类 | 合肥市､天津市､上海市､杭州市､武汉市､广州市､三亚市､成都市､西安市』；四川大学电子信息学院发布的企业校招通知显示讯飞2027届校招城市含成都,https://iflytek.zhiye.com/campus/jobs｜https://campus.iflytek.com/,2026-09-26,中,是
CD0132,新华三技术有限公司（成都研究所）,新增,整条记录,（V1.2 未收录）,需人工复核｜企业官网自建招聘页｜manual_review,新华三官方招聘门户 career.h3c.com 已在检索结果中确认存在；新华三2027届校招材料显示工作地点含成都、且『成都C/C++软件开发为本届核心扩招岗位』『成都有研究所』，该内容由四川大学电子信息学院等高校就业网转载,https://career.h3c.com｜https://career.h3c.com/campus/jobs,2026-09-26,中,是
CD0133,成都中科大旗软件股份有限公司,新增,整条记录,（V1.2 未收录）,有效（当前有可见职位）｜企业官网自建招聘页｜official_active,官网『加入我们』页面逐条列出在招岗位，工作地点列明确写『成都』（仅『销售经理』为『全国』）；官网底部/联系我们写明公司为成都企业，全国服务电话 400-028-0225,https://www.daqsoft.com/join-us.html?code=gywm&channelCode=jrwm｜https://www.daqsoft.com/contact-us.html?code=gywm&channelCode=lxwm,2026-09-26,低,是
CD0134,成都赤轮动画设计有限公司,新增,整条记录,（V1.2 未收录）,有效（当前有可见职位）｜企业官网自建招聘页｜official_active,官网招聘页标题为「人才招聘_成都赤轮动画设计有限公司」，公司简介写明「成都赤轮是国内专业游戏美术外包企业」，团队规模100人+,http://www.cgturbo.cn/index.php?c=category&id=16,2026-09-26,低,是
CD0135,成都品果科技有限公司,新增,整条记录,（V1.2 未收录）,有效（当前有可见职位）｜企业官网自建招聘页｜official_active,官网 camera360.com 首页写明「我们是一家以移动影像服务为核心业务的科技创新企业，公司总部位于中国四川省成都市」；招聘站 hr.camera360.com 职位列表工作地点列明「成都」,http://hr.camera360.com/｜https://www.camera360.com/｜https://hr.camera360.com/positionDetail.html?id=61df9ec36170823b0ab66873&channel=school｜https://hr.camera360.com/positionDetail.html?id=684d91816170828e14b66a4f&channel=school,2026-09-26,低,是
CD0136,成都锐拓传媒广告有限公司,新增,整条记录,（V1.2 未收录）,有效（当前有可见职位）｜企业官网自建招聘页｜official_active,官网招聘页列出校园招聘与实习岗位；企业2026届实习招聘公告（四川美术学院就业网转载）写明工作地点为成都市青羊区日月大道一段1501号万和中心2栋1609号，投递入口即 rightol.com/info/hr,https://www.rightol.com/info/hr｜https://www.rightol.com/info/hr/HR260211135913365-202.html｜https://www.rightol.com/info/hr/HR251110152019576-201.html｜https://www.scfai.edu.cn/xsc/info/1015/14102.htm,2026-09-26,低,是
CD0137,成都潮我看文化传媒有限公司,新增,整条记录,（V1.2 未收录）,有效（当前有可见职位）｜企业官网自建招聘页｜official_active,直招页「公司介绍」明确公司主体为成都潮我看文化传媒有限公司，总部位于成都市锦江区红豆树街77号 OST新媒体产业园，孵化基地位于锦江区红豆树街109号5层1号；官网 ostmcn.com 联系页亦写明同址并设「人才招聘」联系人,https://www.cwkwh.com/index.html｜https://www.ostmcn.com/page/2.html｜https://www.ostmcn.com/,2026-09-26,低,是
CD0138,成都市融资再担保有限责任公司,新增,整条记录,（V1.2 未收录）,需人工复核｜未知｜manual_review,公司全称「成都市融资再担保有限责任公司」，公告写明为成都市委、市政府设立的国有金融企业、实现再担保业务成都区域全覆盖；岗位为成都总部岗位,https://cd-frg.com/gsgg/1418.html｜https://cd-frg.com/gsgg/?page=1,2026-09-26,高,否
CD0139,四川新网银行股份有限公司,新增,整条记录,（V1.2 未收录）,需人工复核｜企业专属官方ATS｜manual_review,官网 xwbank.com 页面披露银行经营场所为「中国(四川)自由贸易试验区成都高新区吉泰三路8号1栋1单元」；企业总部位于成都高新区,https://app.mokahr.com/campus-recruitment/xwbank/4246?locale=zh-CN｜https://www.iffs.uestc.edu.cn/info/1112/7486.htm｜https://xwbank.com/,2026-09-26,中,是
CD0140,成都银行股份有限公司,新增,整条记录,（V1.2 未收录）,需人工复核｜企业专属官方ATS｜manual_review,官网首页披露总行地址「四川省成都市青羊区西御街16号成都银行大厦」；2025年招聘公告岗位为总行部门岗位，总行在成都,https://bocd.zhiye.com/｜https://www.bocd.com.cn/zyxxfb/rczp/zhaopingonggao/1199002198508441600.html｜https://www.bocd.com.cn/,2026-09-26,低,是
CD0141,四川锦程消费金融有限责任公司,新增,整条记录,（V1.2 未收录）,有效（当前有可见职位）｜企业官网自建招聘页｜official_active,官网职位详情页「工作地点：四川成都」；公司注册地为成都高新区天韵路186号，由成都银行与马来西亚丰隆银行发起设立,https://www.jccfc.com/jobs/43｜https://www.jccfc.com/jobs/48｜https://www.jccfc.com/jobs,2026-09-26,低,是
CD0142,成都农村商业银行股份有限公司,新增,整条记录,（V1.2 未收录）,有效（当前有可见职位）｜企业官网自建招聘页｜official_active,官网招聘公告岗位为「分支行综合柜员岗（中心城区）」，成都农商银行总行位于成都市武侯区，中心城区支行名单见公告附件；全行成都地区网点500余个,https://www.cdrcb.com/pin/zpdetail.htm?id=267｜https://www.cdrcb.com/pin/zpdetail.htm?id=237,2026-09-26,低,是
CD0143,四川银行股份有限公司,新增,整条记录,（V1.2 未收录）,需人工复核｜企业专属官方ATS｜manual_review,官网招聘公告明确「总行直属机构工作地点在成都」「应聘总行专项人才、总行管培生、总行金融科技类、总行营业部的，拟工作地点为成都市」,https://scbank.hotjob.cn/｜https://openbank.scbank.cn/cn/col323/4925258.html｜https://www.scbank.cn/cn/col323/3089625.html,2026-09-26,中,是
CD0144,国宝人寿保险股份有限公司,新增,整条记录,（V1.2 未收录）,有效（当前有可见职位）｜企业官网自建招聘页｜official_active,官网职位详情页「地点：成都」；公司为注册在成都的法人险企，四川分公司办公地亦在成都,https://www.panda-assets.com/Position｜https://www.panda-assets.com/Position/Detail/239｜https://www.panda-assets.com/Position/Detail/235｜http://panda-assets.com/Position/Detail/267｜http://panda-assets.com/Position/Detail/264,2026-09-26,低,是
CD0145,成都星合互娱科技有限公司,新增,整条记录,（V1.2 未收录）,有效（当前有可见职位）｜企业官网自建招聘页｜official_active,官网「加入我们」页列出职位并标注工作地「成都」，页面底部写明公司地址为中国成都市天府新区祥鹤四街418号中海财富中心；投递邮箱 hr@staruniongame.com,https://www.staruniongame.com/cn/join｜https://www.staruniongame.com/en/join｜https://www.staruniongame.com/cn/about,2026-09-26,低,是
CD0146,成都力比科技有限公司,新增,整条记录,（V1.2 未收录）,有效（当前有可见职位）｜企业官网自建招聘页｜official_active,官网招聘页列出的在招职位均为中文岗位、面向国内研发团队；企业工商登记地址在成都高新区府城大道西段399号（该地址来自第三方企业数据库，官网页面未直接写明地址，故职位工作地按推定处理）,https://libii.cn/?page_id=225｜https://libii.cn?lang=en&page_id=225/｜https://libii.cn,2026-09-26,低,是
CD0147,成都士兰半导体制造有限公司,新增,整条记录,（V1.2 未收录）,有效（当前有可见职位）｜集团统一招聘平台｜official_active,集团官网校招岗位表列明「模拟 IC 设计师（2027届）」工作地点为杭州、西安、北京、无锡、成都、上海；成都士兰为士兰微（600460）全资子公司，注册/生产基地位于成都金堂成阿工业园区,https://www.silan.com.cn/index.php/about/post.html｜https://www.silan.com.cn/index.php/about/joindetails/280.html,2026-09-26,低,是
CD0148,成都思科瑞微电子股份有限公司,新增,整条记录,（V1.2 未收录）,未找到官方招聘入口｜未找到｜unavailable_or_no_job,官网 www.cd-screen.cn（公司2026年半年报与成都市集成电路行业协会登记的公司网址）「联系我们」写明成都高新西区/龙泉驿国光产业园两处地址；但本次未定位到官网招聘栏目或企业专属ATS,http://cd-screen.cn/lxwm,2026-09-26,高,否
CD0149,成都芯源系统有限公司,新增,整条记录,（V1.2 未收录）,需人工复核｜企业官网自建招聘页｜manual_review,MPS 2027 届校招公告（中国区招聘团队发布）列明成都为工作地点，岗位含现场应用工程师、技术销售工程师等，工作地址四川省成都市郫都区；中国区招聘联系方式为成都总机 028-87303000、邮箱 hr-cn@monolithicpower.com；公司网址 www.monolithicpower.cn,https://www.monolithicpower.com/en/about-mps/careers/job-listings.html,2026-09-26,中,是
CD0150,四川赛狄信息技术股份公司,新增,整条记录,（V1.2 未收录）,有效（当前有可见职位）｜企业官网自建招聘页｜official_active,官网首页「赛狄招聘」专区列出社会招聘职位并给出详情页链接，「售前方案工程师」详情页明确「工作地点：成都」；官网公司地址为四川省成都市高新区西区新创路2号，招聘邮箱 hr@sdrising.com,https://www.sdrising.com/｜https://www.sdrising.com/category/topic-5｜https://sdrising.com/content/content-473,2026-09-26,低,是
CD0151,成都运达科技股份有限公司,新增,整条记录,（V1.2 未收录）,有效（当前有可见职位）｜企业官网自建招聘页｜official_active,官网「加入我们-人才招聘」页列出社招/校招职位并给出详情页链接，简历投递邮箱 Recruitment@yunda-tec.com；2027 届校招职位（管理储备干部等）工作地址为四川省成都市郫都区；公司总部位于成都,https://www.yd-tec.com/job.html｜https://www.yd-tec.com/jobinfo/495242729945563136.html,2026-09-26,低,是
CD0152,成都天箭科技股份有限公司,新增,整条记录,（V1.2 未收录）,有效（当前有可见职位）｜企业官网自建招聘页｜official_active,官网「加入我们」页 2 个 MEMS 岗位工作地点明确标注「成都-锦江」；另有中文站/英文站双版本招聘页,https://www.tjian.com.cn/join/default.html｜https://www.tjian.com.cn/en/enjoin/default.html,2026-09-26,低,是
CD0153,成都奕成科技股份有限公司,新增,整条记录,（V1.2 未收录）,需人工复核｜企业专属官方ATS｜manual_review,企业专属招聘门户（echint.zhiye.com，页面标题为「成都奕成科技股份有限公司」）为 2027 届校招官方网申入口；招聘公告写明公司位于成都市高新西区,https://echint.zhiye.com/campus/jobs,2026-09-26,中,是
CD0154,晶艺半导体有限公司,新增,整条记录,（V1.2 未收录）,入口可访问但暂无职位｜企业官网自建招聘页｜unavailable_or_no_job,官网人才招聘页写明公司研发总部位于成都，总部地址为四川省成都市高新区天府大道北段1777号NIC国创中心；HR 邮箱 hr@latticeart.com,http://latticeart.com/page.php?id=5,2026-09-26,中,是
CD0155,成都航宇超合金技术有限公司,新增,整条记录,（V1.2 未收录）,未找到官方招聘入口｜未找到｜unavailable_or_no_job,官网 sccast.com 可访问，公司地址为成都市双流区西航港大道南延线2999号；招聘邮箱 hr@sccast.com（企业域名）,https://www.sccast.com/index.html,2026-09-26,高,否
CD0156,成都盟升电子技术股份有限公司,新增,整条记录,（V1.2 未收录）,有效（当前有可见职位）｜企业官网自建招聘页｜official_active,官网「社会招聘」栏目列出 11 个在招岗位并给出详情页链接；公司官网联系信息及 2027 届校招简章均写明工作地/地址为成都市天府新区,https://www.microwave-signal.com/join.aspx?t=53｜https://www.microwave-signal.com/join_detail.aspx?t=53&ContentId=1033,2026-09-26,低,是
CD0157,成都亚光电子股份有限公司,新增,整条记录,（V1.2 未收录）,需人工复核｜集团统一招聘平台｜manual_review,集团官网人才招聘页职位明确标注「工作地点：成都/长沙」；成都亚光电子股份有限公司（原国营第970厂）注册办公地为成都市成华区东虹路66号,https://www.ygkjgroup.com/about/2.html｜https://www.ygkjgroup.com/about/show-191.html｜https://www.ygkjgroup.com/about/show-240.html,2026-09-26,低,是
CD0158,迈普通信技术股份有限公司,新增,整条记录,（V1.2 未收录）,有效（当前有可见职位）｜企业专属官方ATS｜official_active,Moka 企业专属校招门户按类别显示共 8 个在招职位（研发类4、市场类1、销售类1、售前售后2）；企业 2027 届校招岗位表明确硬件开发工程师、硬件测试工程师、研发项目经理等多个岗位工作地为成都,https://app.mokahr.com/campus-recruitment/maipu/45544｜https://www.maipu.cn,2026-09-26,中,是
CD0159,成都佳驰电子科技股份有限公司,新增,整条记录,（V1.2 未收录）,有效（当前有可见职位）｜企业官网自建招聘页｜official_active,官网「加入我们/人才招聘」页（cdjc.com.cn/joinus）招贤纳士栏目逐条列出 2027 届岗位并标注「成都」；公司总部地址为成都市郫都区德源街道文明街西段288号；HR 邮箱 hr@cdjc.com.cn,https://www.cdjc.com.cn/joinus｜https://www.cdjc.com.cn,2026-09-26,低,是
CD0160,成都储翰科技股份有限公司,新增,整条记录,（V1.2 未收录）,有效（当前有可见职位）｜企业官网自建招聘页｜official_active,官网「加入我们」页列出 5 个在招岗位，页脚公司地址为四川省成都市双流区黄甲街道牧科路8号，电话 028-61406095,http://www.tsuhan.cn/design/5.html,2026-09-26,低,是
CD0161,四川光恒通信技术有限公司,新增,整条记录,（V1.2 未收录）,有效（当前有可见职位）｜企业官网自建招聘页｜official_active,官网「加入我们」页列出 3 个在招岗位并给出简历投递邮箱 hr@cnsunstar.com；官网「联系我们」写明地址为四川省成都市高新西区西区大道199号,https://www.cnsunstar.com/join.html?t=2｜https://www.cnsunstar.com/,2026-09-26,低,是
CD0162,成都卡诺普机器人技术股份有限公司,新增,整条记录,（V1.2 未收录）,有效（当前有可见职位）｜企业官网自建招聘页｜official_active,官网「联系」页写明公司地址四川省成都市成华区华月路188号；官网「人才招聘」页列出 3 个招聘职位（测试组长、华东技术工程师、销售管理专员）,https://crprobot.com/c/zhaopin.html｜https://www.crprobot.com/c/contact.html｜https://www.crprobot.com/d/tongzhigonggao/152.html,2026-09-26,低,是
CD0163,成都智明达电子股份有限公司,新增,整条记录,（V1.2 未收录）,需人工复核｜企业官网自建招聘页｜manual_review,官网首页设「人才招聘」「招聘公告」栏目，联系信息为成都市青羊区敬业路108号T1栋、招聘邮箱 zmdhr@zmdde.com；2027 届校招岗位（硬件/软件/测试设备开发工程师等）工作地址为四川省成都市青羊区,http://www.zmdde.com/,2026-09-26,中,是
CD0164,成都蓉生药业有限责任公司,新增,整条记录,（V1.2 未收录）,有效（当前有可见职位）｜企业官网自建招聘页｜official_active,官网人才招聘页为成都蓉生药业有限责任公司官方栏目，招聘公告正文联系地址写明「成都市双流区菁园路280号」；官网邮箱 rshr@sinopharm.com、ronseninfo@sinopharm.com，注册地成都高新区起步园科园南路7号,https://www.ronsen.com/list-45-1.html｜https://www.ronsen.com,2026-09-26,低,是
CD0165,海思科医药集团股份有限公司（四川海思科制药有限公司）,新增,整条记录,（V1.2 未收录）,有效（当前有可见职位）｜企业专属官方ATS｜official_active,官网 haisco.com「加入我们→人才招聘」（https://www.haisco.com/recruitment.html）跳转企业专属 ATS wecruit.hotjob.cn；ATS 职位列表工作地点明确标注「成都市」「成都市-温江区」；公司地址成都市温江区海峡两岸科技园百利路136号,https://wecruit.hotjob.cn/SU6663b85a1eb8051cd22556e3/pb/social.html｜https://www.haisco.com/recruitment.html｜https://www.haisco.com,2026-09-26,低,是
CD0166,成都美富特环保产业股份有限公司,新增,整条记录,（V1.2 未收录）,有效（当前有可见职位）｜企业官网自建招聘页｜official_active,官网 mft-cn.com「加入我们」页职位「工作地址」明确标注「成都-金牛区」「金堂淮口」「成都-金牛区、金堂淮口」；公司地址四川成都市金牛区金科北路48号5楼,http://mft-cn.com/join/68.html｜https://www.mft-cn.com/news/detail/223.html,2026-09-26,低,是
CD0167,中创新航科技（成都）有限公司,新增,整条记录,（V1.2 未收录）,有效（当前有可见职位）｜企业专属官方ATS｜official_active,企业专属招聘门户 calbjs.zhiye.com（页面标题「中创新航招聘」，智联 zhiye 企业招聘系统托管）社招职位列表工作地点明确标注「四川省·成都市」；成都公司地址为四川省成都经济技术开发区（龙泉驿区）成龙大道二段888号,https://calbjs.zhiye.com/social/jobs｜https://calbjs.zhiye.com/｜https://cd.sc91.org.cn/app/home/jobdetail/2985410.shtml?comptype=1&post_id=1034626,2026-09-26,低,是
CD0168,成都威力生生物科技有限公司,新增,整条记录,（V1.2 未收录）,需人工复核｜企业官网自建招聘页｜manual_review,官网 china-wls.com 社会招聘页职位条目「工作地点」字段写明「四川省成都市高新区」；官网页脚地址成都市高新区科园南路88号天府生命科技园B6幢,http://www.china-wls.com/jobs/1.html｜http://www.china-wls.com,2026-09-26,中,是
CD0169,成都华神科技集团股份有限公司,新增,整条记录,（V1.2 未收录）,有效（当前有可见职位）｜企业官网自建招聘页｜official_active,企业自有域名（huasungrp.com 的 OA/门户子域 oa.huasungrp.com）设「加入我们→社会招聘」栏目并发布职位详情；集团总部位于四川省成都市武侯区，HR邮箱 hr@huasungrp.com、chenjing@huasungrp.com，总机 028-65589479,https://oa.huasungrp.com/html/web/jiaruwomen/shehuizhaopin/2045025333799936001.html,2026-09-26,低,是
CD0170,成都威特电喷有限责任公司,新增,整条记录,（V1.2 未收录）,有效（当前有可见职位）｜企业官网自建招聘页｜official_active,官网 cdwit.com「人力资源→人才招聘」为公司自建招聘栏目；公司地址成都市高新区西源大道84号（中航工业成飞集团全资子公司，柴油机电控燃油喷射系统/汽车电子）,http://www.cdwit.com/rlzy.html｜http://www.cdwit.com,2026-09-26,中,是
CD0171,中自科技股份有限公司,新增,整条记录,（V1.2 未收录）,有效（当前有可见职位）｜企业官网自建招聘页｜official_active,官网 sinocat.com.cn「加入中自」栏目及职位详情页页脚均写明地址「四川省成都市高新西区古楠街88号」「四川省成都高新区安泰五路66号」；招聘邮箱 wangzm@sinocat.com.cn、gaoml@sinocat.com.cn，招聘电话 028-62825966,http://m.sinocat.com.cn/692830.html｜http://m.sinocat.com.cn/blog/_968537_379482.html｜https://www.sinocat.com.cn,2026-09-26,低,是
CD0172,四川南格尔生物医学股份有限公司,新增,整条记录,（V1.2 未收录）,有效（当前有可见职位）｜企业官网自建招聘页｜official_active,官网 nigale.cn「联系我们」页内嵌招聘职位表，工作地点列明确标注「成都」；官网写明总部地址中国四川省成都市，企业注册地成都市高新区盛安街401号,https://nigale.cn/contact.html｜https://nigale.cn,2026-09-26,低,是
CD0173,四川新绿色药业科技发展有限公司,新增,整条记录,（V1.2 未收录）,有效（当前有可见职位）｜企业官网自建招聘页｜official_active,官网 xinlvyao.com 为四川新绿色药业科技发展有限公司自有站点（另 trc.xinlvyao.com 为招聘子站）；成都大学就业信息网披露用人单位地址为四川省成都市金牛区天悦城中心15栋,https://www.xinlvyao.com/index.php?m=content&c=index&a=lists&catid=31｜http://trc.xinlvyao.com/index.php?m=content&c=index&a=lists&catid=63,2026-09-26,中,是
CD0174,成都百裕制药股份有限公司,新增,整条记录,（V1.2 未收录）,有效（当前有可见职位）｜企业官网自建招聘页｜official_active,官网「招贤纳士」栏目社会招聘/校园招聘职位地点明确标注「成都天府生命科技园」「成都温江区」；企业注册地成都温江区海峡两岸科技产业开发园，HR邮箱 jbyzhaopin@baiyu.cn,https://en.baiyujituan.com/zhaoxiannashi/｜https://en.baiyujituan.com/shzp/213.html｜https://en.baiyujituan.com/xyzp/214.html,2026-09-26,低,是
CD0175,成都第一制药有限公司,新增,整条记录,（V1.2 未收录）,有效（当前有可见职位）｜企业官网自建招聘页｜official_active,官网「加入我们」栏目职位工作地点明确标注「成都彭州」；公司地址成都彭州天彭镇东三环路133号,https://www.cddyyy.com/home/join/index?001324｜https://www.cddyyy.com/home/join/work_detail?work_id=53｜https://www.cddyyy.com/home/join/work_detail?work_id=52｜https://www.cddyyy.com/home/join/work_detail?work_id=51,2026-09-26,低,是
CD0176,一汽丰田汽车（成都）有限公司,新增,整条记录,（V1.2 未收录）,需人工复核｜集团统一招聘平台｜manual_review,中国一汽集团统一招聘门户 faw-zhaopin.hotjob.cn 工作地点筛选含「成都市」，一汽丰田职位明确标注「成都市-龙泉驿区」；公司网址 sftm.com.cn 由国家大学生就业服务平台披露，地址四川省成都市龙泉驿区经开区南三路222号,https://faw-zhaopin.hotjob.cn/positionList?recruitType=1&projectId=203201｜https://www.ncss.org.cn/student/jobs/XT6DCSNym6ereLGLkxpf7a/detail.html,2026-09-26,低,是
CD0177,成都特隆美储能技术有限公司,新增,整条记录,（V1.2 未收录）,有效（当前有可见职位）｜企业官网自建招聘页｜official_active,官网「加入我们」页面职位表「工作地点」列全部标注「成都」；集团总部地址为四川省成都市新都区工业东区900号，招聘邮箱 tlmhrhr@163.com,http://www.tecloman.cn/join/｜https://www.tecloman.com/｜https://cdutjy.cdut.edu.cn/index/index/employdetail.html?data=MDAwMDAwMDAwMJG6n3_Ed6imi4qQtMOgppWKutCXxoi3i7igr7-BZHxnkLZ9i8WGpNOaaKLSxKCalom6mNs,2026-09-26,低,是
CD0178,成都天台山制药股份有限公司,新增,整条记录,（V1.2 未收录）,有效（当前有可见职位）｜企业官网自建招聘页｜official_active,官网 cddttszy.com「人力资源→招聘公告」栏目为公司自有招聘页；公司生产基地位于四川省成都市邛崃市天兴大道88号（政府招聘公告与四川公共招聘网均标注四川省成都市邛崃市）,https://www.cdttszy.com/personnel/recruit｜https://cdttszy.com/personnel/recruit?page=2｜https://qionglai.gov.cn/qlsgzxxw/c150925/2026-07/02/content_e695f2509a9e43e090051c2f2630c795.shtml,2026-09-26,低,是
CD0179,四川顺丰速运有限公司,新增,整条记录,（V1.2 未收录）,有效（当前有可见职位）｜集团统一招聘平台｜official_active,顺丰自有域名招聘系统 hr.sf-express.com / crs-pub.sf-express.com 职位列表「工作地点」列明确标注「成都市」；四川主体四川顺丰速运有限公司通讯地址为四川省成都市成华区双林路251号十一科技广场B座8楼,https://hr.sf-express.com/jobMainHandler/main/baseinfo.do｜https://crs-pub.sf-express.com/recruitcenter/?role=3｜https://job.sicau.edu.cn/employment/zpxx/znzp/znzp_info/index.html?id=256442,2026-09-26,低,是
CD0001,埃森哲（中国）有限公司成都分公司,更新,含成都岗位,是,未知,保留 active；本轮确认官网正在开展2027校园招聘，但当前可读取的 ATS 职位未出现成都，取消 V1.2 对成都岗位的确定性表述,https://www.accenture.cn/cn-zh/careers/local/accenture-china-campus-page｜https://careersite.tupu360.com/accentureats/position/index?recruitmentType=CAMPUSRECRUITMENT,2026-09-26,高,否
CD0001,埃森哲（中国）有限公司成都分公司,更新,企业等级,A,B,保留 active；本轮确认官网正在开展2027校园招聘，但当前可读取的 ATS 职位未出现成都，取消 V1.2 对成都岗位的确定性表述,https://www.accenture.cn/cn-zh/careers/local/accenture-china-campus-page｜https://careersite.tupu360.com/accentureats/position/index?recruitmentType=CAMPUSRECRUITMENT,2026-09-26,高,否
CD0002,思特沃克软件技术（成都）有限公司,更新,公司官网,https://www.thoughtworks.com/,https://www.thoughtworks.com/careers,V1.2 入口可访问性不变；本次在全球职位列表页未见任何成都岗位，has_chengdu_jobs 记为 false（非入口失效）,https://www.thoughtworks.com/careers/jobs｜https://www.thoughtworks.com/en-ca/careers/jobs/4041165,2026-09-26,中,是
CD0002,思特沃克软件技术（成都）有限公司,更新,招聘入口URL,https://www.thoughtworks.com/careers,https://www.thoughtworks.com/careers/jobs,V1.2 入口可访问性不变；本次在全球职位列表页未见任何成都岗位，has_chengdu_jobs 记为 false（非入口失效）,https://www.thoughtworks.com/careers/jobs｜https://www.thoughtworks.com/en-ca/careers/jobs/4041165,2026-09-26,中,是
CD0002,思特沃克软件技术（成都）有限公司,更新,source_type_code,official_careers_page,group_unified_recruitment,V1.2 入口可访问性不变；本次在全球职位列表页未见任何成都岗位，has_chengdu_jobs 记为 false（非入口失效）,https://www.thoughtworks.com/careers/jobs｜https://www.thoughtworks.com/en-ca/careers/jobs/4041165,2026-09-26,中,是
CD0002,思特沃克软件技术（成都）有限公司,更新,source_tier,official_company,group_career_site,V1.2 入口可访问性不变；本次在全球职位列表页未见任何成都岗位，has_chengdu_jobs 记为 false（非入口失效）,https://www.thoughtworks.com/careers/jobs｜https://www.thoughtworks.com/en-ca/careers/jobs/4041165,2026-09-26,中,是
CD0002,思特沃克软件技术（成都）有限公司,更新,含成都岗位,是,否,V1.2 入口可访问性不变；本次在全球职位列表页未见任何成都岗位，has_chengdu_jobs 记为 false（非入口失效）,https://www.thoughtworks.com/careers/jobs｜https://www.thoughtworks.com/en-ca/careers/jobs/4041165,2026-09-26,高,否
CD0002,思特沃克软件技术（成都）有限公司,降级为待核验,status_code,active,needs_manual_review,V1.2 入口可访问性不变；本次在全球职位列表页未见任何成都岗位，has_chengdu_jobs 记为 false（非入口失效）,https://www.thoughtworks.com/careers/jobs｜https://www.thoughtworks.com/en-ca/careers/jobs/4041165,2026-09-26,高,否
CD0002,思特沃克软件技术（成都）有限公司,更新,record_category,official_active,manual_review,V1.2 入口可访问性不变；本次在全球职位列表页未见任何成都岗位，has_chengdu_jobs 记为 false（非入口失效）,https://www.thoughtworks.com/careers/jobs｜https://www.thoughtworks.com/en-ca/careers/jobs/4041165,2026-09-26,中,是
CD0002,思特沃克软件技术（成都）有限公司,更新,企业等级,A,B,V1.2 入口可访问性不变；本次在全球职位列表页未见任何成都岗位，has_chengdu_jobs 记为 false（非入口失效）,https://www.thoughtworks.com/careers/jobs｜https://www.thoughtworks.com/en-ca/careers/jobs/4041165,2026-09-26,高,否
CD0003,成都四方伟业软件股份有限公司,更新,含成都岗位,是,未知,保留 active；官网当前仍可见具体招聘岗位，但因岗位地点未明示成都，不生成正式成都职位样本,https://www.sefonsoft.com/about/recruit,2026-09-26,高,否
CD0003,成都四方伟业软件股份有限公司,更新,企业等级,A,B,保留 active；官网当前仍可见具体招聘岗位，但因岗位地点未明示成都，不生成正式成都职位样本,https://www.sefonsoft.com/about/recruit,2026-09-26,高,否
CD0004,成都数之联科技股份有限公司,更新,公司官网,https://www.unionbigdata.com,https://unionbigdata.zhiye.com/,V1.2 入口保持可访问；本次核对校招与社招两个列表页当前均为空，has_chengdu_jobs 记为 false,https://unionbigdata.zhiye.com/campus/jobs｜https://unionbigdata.zhiye.com/social/jobs,2026-09-26,中,是
CD0004,成都数之联科技股份有限公司,更新,含成都岗位,是,否,V1.2 入口保持可访问；本次核对校招与社招两个列表页当前均为空，has_chengdu_jobs 记为 false,https://unionbigdata.zhiye.com/campus/jobs｜https://unionbigdata.zhiye.com/social/jobs,2026-09-26,高,否
CD0004,成都数之联科技股份有限公司,暂无职位,status_code,active,accessible_no_job,V1.2 入口保持可访问；本次核对校招与社招两个列表页当前均为空，has_chengdu_jobs 记为 false,https://unionbigdata.zhiye.com/campus/jobs｜https://unionbigdata.zhiye.com/social/jobs,2026-09-26,高,否
CD0004,成都数之联科技股份有限公司,更新,verification_level,source_evidence_only,listing_count_observed,V1.2 入口保持可访问；本次核对校招与社招两个列表页当前均为空，has_chengdu_jobs 记为 false,https://unionbigdata.zhiye.com/campus/jobs｜https://unionbigdata.zhiye.com/social/jobs,2026-09-26,中,是
CD0004,成都数之联科技股份有限公司,更新,record_category,official_active,unavailable_or_no_job,V1.2 入口保持可访问；本次核对校招与社招两个列表页当前均为空，has_chengdu_jobs 记为 false,https://unionbigdata.zhiye.com/campus/jobs｜https://unionbigdata.zhiye.com/social/jobs,2026-09-26,中,是
CD0004,成都数之联科技股份有限公司,更新,企业等级,A,B,V1.2 入口保持可访问；本次核对校招与社招两个列表页当前均为空，has_chengdu_jobs 记为 false,https://unionbigdata.zhiye.com/campus/jobs｜https://unionbigdata.zhiye.com/social/jobs,2026-09-26,高,否
CD0006,德州仪器半导体制造（成都）有限公司,更新,公司官网,https://www.ti.com,https://careers.ti.com/,V1.2 入口不变；本次新增 2 条明确工作地=成都的官方职位样本，status 由待核验确认改为 active,https://careers.ti.com/zh-CN/sites/CX/job/25016872?lastSelectedFacet=AttributeChar8&location=China&locationId=300000000361316&locationLevel=country&mode=location&selectedFlexFieldsFacets=%2522AttributeChar8%257CRecent+College+Grads%2522%253AC%25E6%2590%259C%25E7%25B4%25A2%25E8%2581%258C%25E5%258A%25,2026-09-26,中,是
CD0006,德州仪器半导体制造（成都）有限公司,更新,source_type_code,official_careers_page,group_unified_recruitment,V1.2 入口不变；本次新增 2 条明确工作地=成都的官方职位样本，status 由待核验确认改为 active,https://careers.ti.com/zh-CN/sites/CX/job/25016872?lastSelectedFacet=AttributeChar8&location=China&locationId=300000000361316&locationLevel=country&mode=location&selectedFlexFieldsFacets=%2522AttributeChar8%257CRecent+College+Grads%2522%253AC%25E6%2590%259C%25E7%25B4%25A2%25E8%2581%258C%25E5%258A%25,2026-09-26,中,是
CD0006,德州仪器半导体制造（成都）有限公司,更新,source_tier,official_company,group_career_site,V1.2 入口不变；本次新增 2 条明确工作地=成都的官方职位样本，status 由待核验确认改为 active,https://careers.ti.com/zh-CN/sites/CX/job/25016872?lastSelectedFacet=AttributeChar8&location=China&locationId=300000000361316&locationLevel=country&mode=location&selectedFlexFieldsFacets=%2522AttributeChar8%257CRecent+College+Grads%2522%253AC%25E6%2590%259C%25E7%25B4%25A2%25E8%2581%258C%25E5%258A%25,2026-09-26,中,是
CD0006,德州仪器半导体制造（成都）有限公司,更新,verification_level,source_evidence_only,direct_job_observed,V1.2 入口不变；本次新增 2 条明确工作地=成都的官方职位样本，status 由待核验确认改为 active,https://careers.ti.com/zh-CN/sites/CX/job/25016872?lastSelectedFacet=AttributeChar8&location=China&locationId=300000000361316&locationLevel=country&mode=location&selectedFlexFieldsFacets=%2522AttributeChar8%257CRecent+College+Grads%2522%253AC%25E6%2590%259C%25E7%25B4%25A2%25E8%2581%258C%25E5%258A%25,2026-09-26,中,是
CD0006,德州仪器半导体制造（成都）有限公司,更新,职位样本数,0,2,V1.2 入口不变；本次新增 2 条明确工作地=成都的官方职位样本，status 由待核验确认改为 active,https://careers.ti.com/zh-CN/sites/CX/job/25016872?lastSelectedFacet=AttributeChar8&location=China&locationId=300000000361316&locationLevel=country&mode=location&selectedFlexFieldsFacets=%2522AttributeChar8%257CRecent+College+Grads%2522%253AC%25E6%2590%259C%25E7%25B4%25A2%25E8%2581%258C%25E5%258A%25,2026-09-26,中,是
CD0006,德州仪器半导体制造（成都）有限公司,更新,职位样本数,0,2,V1.2 入口不变；本次新增 2 条明确工作地=成都的官方职位样本，status 由待核验确认改为 active,https://careers.ti.com/zh-CN/sites/CX/job/25016872?lastSelectedFacet=AttributeChar8&location=China&locationId=300000000361316&locationLevel=country&mode=location&selectedFlexFieldsFacets=%2522AttributeChar8%257CRecent+College+Grads%2522%253AC%25E6%2590%259C%25E7%25B4%25A2%25E8%2581%258C%25E5%258A%25,2026-09-26,中,是
CD0009,海光信息技术股份有限公司（成都研发中心/成都分部）,更新,公司官网,https://www.hygon.cn,https://app.mokahr.com/m/campus-recruitment/hygon/,V1.2 入口不变；本次仅能确认成都研发中心表述，未能取到具体成都岗位，status 维持 needs_manual_review,https://app.mokahr.com/m/campus-recruitment/hygon/｜https://app.mokahr.com/m/campus-recruitment/hygon/169939?locale=zh-CN,2026-09-26,中,是
CD0009,海光信息技术股份有限公司（成都研发中心/成都分部）,更新,招聘入口URL,https://app.mokahr.com/m/campus-recruitment/hygon/169939,https://app.mokahr.com/m/campus-recruitment/hygon/,V1.2 入口不变；本次仅能确认成都研发中心表述，未能取到具体成都岗位，status 维持 needs_manual_review,https://app.mokahr.com/m/campus-recruitment/hygon/｜https://app.mokahr.com/m/campus-recruitment/hygon/169939?locale=zh-CN,2026-09-26,中,是
CD0009,海光信息技术股份有限公司（成都研发中心/成都分部）,更新,含成都岗位,是,未知,V1.2 入口不变；本次仅能确认成都研发中心表述，未能取到具体成都岗位，status 维持 needs_manual_review,https://app.mokahr.com/m/campus-recruitment/hygon/｜https://app.mokahr.com/m/campus-recruitment/hygon/169939?locale=zh-CN,2026-09-26,高,否
CD0009,海光信息技术股份有限公司（成都研发中心/成都分部）,降级为待核验,status_code,active,needs_manual_review,V1.2 入口不变；本次仅能确认成都研发中心表述，未能取到具体成都岗位，status 维持 needs_manual_review,https://app.mokahr.com/m/campus-recruitment/hygon/｜https://app.mokahr.com/m/campus-recruitment/hygon/169939?locale=zh-CN,2026-09-26,高,否
CD0009,海光信息技术股份有限公司（成都研发中心/成都分部）,更新,record_category,official_active,manual_review,V1.2 入口不变；本次仅能确认成都研发中心表述，未能取到具体成都岗位，status 维持 needs_manual_review,https://app.mokahr.com/m/campus-recruitment/hygon/｜https://app.mokahr.com/m/campus-recruitment/hygon/169939?locale=zh-CN,2026-09-26,中,是
CD0009,海光信息技术股份有限公司（成都研发中心/成都分部）,更新,企业等级,A,B,V1.2 入口不变；本次仅能确认成都研发中心表述，未能取到具体成都岗位，status 维持 needs_manual_review,https://app.mokahr.com/m/campus-recruitment/hygon/｜https://app.mokahr.com/m/campus-recruitment/hygon/169939?locale=zh-CN,2026-09-26,高,否
CD0011,成都艾尔平方文化传播有限公司,更新,含成都岗位,是,未知,V1.2 标为 active；本轮招聘页访问失败且两次公开检索无结果，降级为 temporarily_unavailable,http://www.luheli.com/about.php?id=9,2026-09-26,高,否
CD0011,成都艾尔平方文化传播有限公司,更新,status_code,active,temporarily_unavailable,V1.2 标为 active；本轮招聘页访问失败且两次公开检索无结果，降级为 temporarily_unavailable,http://www.luheli.com/about.php?id=9,2026-09-26,高,否
CD0011,成都艾尔平方文化传播有限公司,更新,verification_level,source_evidence_only,temporarily_unavailable,V1.2 标为 active；本轮招聘页访问失败且两次公开检索无结果，降级为 temporarily_unavailable,http://www.luheli.com/about.php?id=9,2026-09-26,高,否
CD0011,成都艾尔平方文化传播有限公司,更新,record_category,official_active,unavailable_or_no_job,V1.2 标为 active；本轮招聘页访问失败且两次公开检索无结果，降级为 temporarily_unavailable,http://www.luheli.com/about.php?id=9,2026-09-26,中,是
CD0011,成都艾尔平方文化传播有限公司,更新,企业等级,A,B,V1.2 标为 active；本轮招聘页访问失败且两次公开检索无结果，降级为 temporarily_unavailable,http://www.luheli.com/about.php?id=9,2026-09-26,高,否
CD0013,成都圭目机器人有限公司,更新,招聘入口URL,https://www.gm-robot.com,https://www.gm-robot.com/newsinfo/7885839.html,V1.2 标为 active；本轮仅见2024-12-23发布的销售岗历史招募资讯，未见当前职位，降级为 accessible_no_job,https://www.gm-robot.com｜https://www.gm-robot.com/newsinfo/7885839.html｜https://www.gm-robot.com/newsinfo/11285896.html,2026-09-26,中,是
CD0013,成都圭目机器人有限公司,更新,含成都岗位,是,未知,V1.2 标为 active；本轮仅见2024-12-23发布的销售岗历史招募资讯，未见当前职位，降级为 accessible_no_job,https://www.gm-robot.com｜https://www.gm-robot.com/newsinfo/7885839.html｜https://www.gm-robot.com/newsinfo/11285896.html,2026-09-26,高,否
CD0013,成都圭目机器人有限公司,暂无职位,status_code,active,accessible_no_job,V1.2 标为 active；本轮仅见2024-12-23发布的销售岗历史招募资讯，未见当前职位，降级为 accessible_no_job,https://www.gm-robot.com｜https://www.gm-robot.com/newsinfo/7885839.html｜https://www.gm-robot.com/newsinfo/11285896.html,2026-09-26,高,否
CD0013,成都圭目机器人有限公司,更新,record_category,official_active,unavailable_or_no_job,V1.2 标为 active；本轮仅见2024-12-23发布的销售岗历史招募资讯，未见当前职位，降级为 accessible_no_job,https://www.gm-robot.com｜https://www.gm-robot.com/newsinfo/7885839.html｜https://www.gm-robot.com/newsinfo/11285896.html,2026-09-26,中,是
CD0013,成都圭目机器人有限公司,更新,企业等级,A,B,V1.2 标为 active；本轮仅见2024-12-23发布的销售岗历史招募资讯，未见当前职位，降级为 accessible_no_job,https://www.gm-robot.com｜https://www.gm-robot.com/newsinfo/7885839.html｜https://www.gm-robot.com/newsinfo/11285896.html,2026-09-26,高,否
CD0014,成都纵横自动化技术股份有限公司,更新,含成都岗位,是,未知,V1.2 标为 active；本轮官网招贤纳士页只有人才理念，既有 zhiye 链接返回404，降级为 accessible_no_job,https://www.jouav.com/zh/career｜https://jouav.com/zh/company｜https://www.zhiye.com/jobs/1547202,2026-09-26,高,否
CD0014,成都纵横自动化技术股份有限公司,暂无职位,status_code,active,accessible_no_job,V1.2 标为 active；本轮官网招贤纳士页只有人才理念，既有 zhiye 链接返回404，降级为 accessible_no_job,https://www.jouav.com/zh/career｜https://jouav.com/zh/company｜https://www.zhiye.com/jobs/1547202,2026-09-26,高,否
CD0014,成都纵横自动化技术股份有限公司,更新,record_category,official_active,unavailable_or_no_job,V1.2 标为 active；本轮官网招贤纳士页只有人才理念，既有 zhiye 链接返回404，降级为 accessible_no_job,https://www.jouav.com/zh/career｜https://jouav.com/zh/company｜https://www.zhiye.com/jobs/1547202,2026-09-26,中,是
CD0014,成都纵横自动化技术股份有限公司,更新,企业等级,A,B,V1.2 标为 active；本轮官网招贤纳士页只有人才理念，既有 zhiye 链接返回404，降级为 accessible_no_job,https://www.jouav.com/zh/career｜https://jouav.com/zh/company｜https://www.zhiye.com/jobs/1547202,2026-09-26,高,否
CD0015,成都蜀道装备科技股份有限公司,更新,含成都岗位,是,未知,V1.2 标为 active 并声称2026年第三季度招聘；本轮招聘列表仅有栏目标题，且既有详情链接实际为2022年公告，降级为 accessible_no_job,https://shudaozb.com/zhaopinxinxi/｜https://shudaozb.com/zhaopinxinxi/279.html｜https://shudaozb.com/touzizheguanxihuodong/871.html,2026-09-26,高,否
CD0015,成都蜀道装备科技股份有限公司,更新,当前职位数量,12,（空）,V1.2 标为 active 并声称2026年第三季度招聘；本轮招聘列表仅有栏目标题，且既有详情链接实际为2022年公告，降级为 accessible_no_job,https://shudaozb.com/zhaopinxinxi/｜https://shudaozb.com/zhaopinxinxi/279.html｜https://shudaozb.com/touzizheguanxihuodong/871.html,2026-09-26,高,否
CD0015,成都蜀道装备科技股份有限公司,暂无职位,status_code,active,accessible_no_job,V1.2 标为 active 并声称2026年第三季度招聘；本轮招聘列表仅有栏目标题，且既有详情链接实际为2022年公告，降级为 accessible_no_job,https://shudaozb.com/zhaopinxinxi/｜https://shudaozb.com/zhaopinxinxi/279.html｜https://shudaozb.com/touzizheguanxihuodong/871.html,2026-09-26,高,否
CD0015,成都蜀道装备科技股份有限公司,更新,record_category,official_active,unavailable_or_no_job,V1.2 标为 active 并声称2026年第三季度招聘；本轮招聘列表仅有栏目标题，且既有详情链接实际为2022年公告，降级为 accessible_no_job,https://shudaozb.com/zhaopinxinxi/｜https://shudaozb.com/zhaopinxinxi/279.html｜https://shudaozb.com/touzizheguanxihuodong/871.html,2026-09-26,中,是
CD0015,成都蜀道装备科技股份有限公司,更新,企业等级,A,B,V1.2 标为 active 并声称2026年第三季度招聘；本轮招聘列表仅有栏目标题，且既有详情链接实际为2022年公告，降级为 accessible_no_job,https://shudaozb.com/zhaopinxinxi/｜https://shudaozb.com/zhaopinxinxi/279.html｜https://shudaozb.com/touzizheguanxihuodong/871.html,2026-09-26,高,否
CD0016,成都卓杭网络科技股份有限公司,更新,含成都岗位,是,未知,V1.2 标为 active；本轮官网仅显示“加入卓杭”宣传文案，无招聘链接或职位，降级为 accessible_no_job,https://www.dhgames.cn,2026-09-26,高,否
CD0016,成都卓杭网络科技股份有限公司,暂无职位,status_code,active,accessible_no_job,V1.2 标为 active；本轮官网仅显示“加入卓杭”宣传文案，无招聘链接或职位，降级为 accessible_no_job,https://www.dhgames.cn,2026-09-26,高,否
CD0016,成都卓杭网络科技股份有限公司,更新,record_category,official_active,unavailable_or_no_job,V1.2 标为 active；本轮官网仅显示“加入卓杭”宣传文案，无招聘链接或职位，降级为 accessible_no_job,https://www.dhgames.cn,2026-09-26,中,是
CD0016,成都卓杭网络科技股份有限公司,更新,企业等级,A,B,V1.2 标为 active；本轮官网仅显示“加入卓杭”宣传文案，无招聘链接或职位，降级为 accessible_no_job,https://www.dhgames.cn,2026-09-26,高,否
CD0017,成都尼毕鲁科技股份有限公司,更新,当前职位数量,（空）,7,保留 active；本轮确认2027届校招、成都工作地点及7个职位数量，但具体职位名称仍未从动态列表取得,https://campus.tap4fun.com｜https://campus.tap4fun.com/campus_apply/tap4fun/291/#/jobs?zhineng=72571,2026-09-26,中,是
CD0018,成都数字天空科技有限公司,更新,含成都岗位,是,未知,V1.2 标为 active；本轮社会招聘页仅展示技术、美术、艺术、策划分类介绍，未看到具体职位，降级为 accessible_no_job,https://www.digisky.com/joinUs,2026-09-26,高,否
CD0018,成都数字天空科技有限公司,暂无职位,status_code,active,accessible_no_job,V1.2 标为 active；本轮社会招聘页仅展示技术、美术、艺术、策划分类介绍，未看到具体职位，降级为 accessible_no_job,https://www.digisky.com/joinUs,2026-09-26,高,否
CD0018,成都数字天空科技有限公司,更新,record_category,official_active,unavailable_or_no_job,V1.2 标为 active；本轮社会招聘页仅展示技术、美术、艺术、策划分类介绍，未看到具体职位，降级为 accessible_no_job,https://www.digisky.com/joinUs,2026-09-26,中,是
CD0018,成都数字天空科技有限公司,更新,企业等级,A,B,V1.2 标为 active；本轮社会招聘页仅展示技术、美术、艺术、策划分类介绍，未看到具体职位，降级为 accessible_no_job,https://www.digisky.com/joinUs,2026-09-26,高,否
CD0019,成都西山居互动娱乐科技有限公司,更新,公司官网,https://www.xishanju.com,https://hr.xishanju.com,V1.2 入口不变；本次无法取得职位数据，status 维持 needs_manual_review,https://hr.xishanju.com,2026-09-26,中,是
CD0019,成都西山居互动娱乐科技有限公司,更新,source_type_code,group_unified_recruitment,official_ats_third_party_hosted,V1.2 入口不变；本次无法取得职位数据，status 维持 needs_manual_review,https://hr.xishanju.com,2026-09-26,中,是
CD0019,成都西山居互动娱乐科技有限公司,更新,source_tier,group_career_site,official_ats,V1.2 入口不变；本次无法取得职位数据，status 维持 needs_manual_review,https://hr.xishanju.com,2026-09-26,中,是
CD0019,成都西山居互动娱乐科技有限公司,更新,含成都岗位,是,未知,V1.2 入口不变；本次无法取得职位数据，status 维持 needs_manual_review,https://hr.xishanju.com,2026-09-26,高,否
CD0019,成都西山居互动娱乐科技有限公司,降级为待核验,status_code,active,needs_manual_review,V1.2 入口不变；本次无法取得职位数据，status 维持 needs_manual_review,https://hr.xishanju.com,2026-09-26,高,否
CD0019,成都西山居互动娱乐科技有限公司,更新,verification_level,listing_count_observed,source_evidence_only,V1.2 入口不变；本次无法取得职位数据，status 维持 needs_manual_review,https://hr.xishanju.com,2026-09-26,中,是
CD0019,成都西山居互动娱乐科技有限公司,更新,record_category,official_active,manual_review,V1.2 入口不变；本次无法取得职位数据，status 维持 needs_manual_review,https://hr.xishanju.com,2026-09-26,中,是
CD0019,成都西山居互动娱乐科技有限公司,更新,企业等级,A,B,V1.2 入口不变；本次无法取得职位数据，status 维持 needs_manual_review,https://hr.xishanju.com,2026-09-26,高,否
CD0021,成都雨墨科技有限公司,更新,公司官网,http://www.yumoongame.cn,http://www.yumoon.cn,V1.2 标为 active；本轮根页仅返回系统连接测试文本，既有职位详情返回 File not found，降级为 temporarily_unavailable,http://www.yumoon.cn｜http://www.yumoon.cn/datails.php?id=6,2026-09-26,中,是
CD0021,成都雨墨科技有限公司,更新,含成都岗位,是,未知,V1.2 标为 active；本轮根页仅返回系统连接测试文本，既有职位详情返回 File not found，降级为 temporarily_unavailable,http://www.yumoon.cn｜http://www.yumoon.cn/datails.php?id=6,2026-09-26,高,否
CD0021,成都雨墨科技有限公司,更新,status_code,active,temporarily_unavailable,V1.2 标为 active；本轮根页仅返回系统连接测试文本，既有职位详情返回 File not found，降级为 temporarily_unavailable,http://www.yumoon.cn｜http://www.yumoon.cn/datails.php?id=6,2026-09-26,高,否
CD0021,成都雨墨科技有限公司,更新,verification_level,source_evidence_only,temporarily_unavailable,V1.2 标为 active；本轮根页仅返回系统连接测试文本，既有职位详情返回 File not found，降级为 temporarily_unavailable,http://www.yumoon.cn｜http://www.yumoon.cn/datails.php?id=6,2026-09-26,高,否
CD0021,成都雨墨科技有限公司,更新,record_category,official_active,unavailable_or_no_job,V1.2 标为 active；本轮根页仅返回系统连接测试文本，既有职位详情返回 File not found，降级为 temporarily_unavailable,http://www.yumoon.cn｜http://www.yumoon.cn/datails.php?id=6,2026-09-26,中,是
CD0021,成都雨墨科技有限公司,更新,企业等级,A,B,V1.2 标为 active；本轮根页仅返回系统连接测试文本，既有职位详情返回 File not found，降级为 temporarily_unavailable,http://www.yumoon.cn｜http://www.yumoon.cn/datails.php?id=6,2026-09-26,高,否
CD0022,成都龙渊网络科技有限公司,更新,招聘入口URL,https://www.dragonest.com/Index/recruit,https://www.ilongyuan.com.cn/index/campusrecruit.html,保留 active，并将可用招聘入口从只展示福利的 dragonest 招聘页更新为实际显示职位的龙渊中文官网校园招聘页；新增1条真实成都职位样本,https://www.dragonest.com/Index/recruit｜https://www.ilongyuan.com.cn/index/campusrecruit.html,2026-09-26,中,是
CD0022,成都龙渊网络科技有限公司,更新,verification_level,source_evidence_only,direct_job_observed,保留 active，并将可用招聘入口从只展示福利的 dragonest 招聘页更新为实际显示职位的龙渊中文官网校园招聘页；新增1条真实成都职位样本,https://www.dragonest.com/Index/recruit｜https://www.ilongyuan.com.cn/index/campusrecruit.html,2026-09-26,中,是
CD0022,成都龙渊网络科技有限公司,更新,职位样本数,0,1,保留 active，并将可用招聘入口从只展示福利的 dragonest 招聘页更新为实际显示职位的龙渊中文官网校园招聘页；新增1条真实成都职位样本,https://www.dragonest.com/Index/recruit｜https://www.ilongyuan.com.cn/index/campusrecruit.html,2026-09-26,中,是
CD0022,成都龙渊网络科技有限公司,更新,职位样本数,0,1,保留 active，并将可用招聘入口从只展示福利的 dragonest 招聘页更新为实际显示职位的龙渊中文官网校园招聘页；新增1条真实成都职位样本,https://www.dragonest.com/Index/recruit｜https://www.ilongyuan.com.cn/index/campusrecruit.html,2026-09-26,中,是
CD0026,成都康弘药业集团股份有限公司,更新,招聘入口URL,https://www.cnkh.com,https://kanghong.zhiye.com/campus/jobs,V1.2 标为 active 且入口仅为官网首页；本轮补全官方 ATS URL，但校园招聘页明确显示暂无热招职位、暂无长招职位，降级为 accessible_no_job,https://www.cnkh.com｜https://kanghong.zhiye.com/campus/jobs,2026-09-26,中,是
CD0026,成都康弘药业集团股份有限公司,更新,source_type_code,official_careers_page,official_ats_third_party_hosted,V1.2 标为 active 且入口仅为官网首页；本轮补全官方 ATS URL，但校园招聘页明确显示暂无热招职位、暂无长招职位，降级为 accessible_no_job,https://www.cnkh.com｜https://kanghong.zhiye.com/campus/jobs,2026-09-26,中,是
CD0026,成都康弘药业集团股份有限公司,更新,source_tier,official_company,official_ats,V1.2 标为 active 且入口仅为官网首页；本轮补全官方 ATS URL，但校园招聘页明确显示暂无热招职位、暂无长招职位，降级为 accessible_no_job,https://www.cnkh.com｜https://kanghong.zhiye.com/campus/jobs,2026-09-26,中,是
CD0026,成都康弘药业集团股份有限公司,更新,含成都岗位,是,未知,V1.2 标为 active 且入口仅为官网首页；本轮补全官方 ATS URL，但校园招聘页明确显示暂无热招职位、暂无长招职位，降级为 accessible_no_job,https://www.cnkh.com｜https://kanghong.zhiye.com/campus/jobs,2026-09-26,高,否
CD0026,成都康弘药业集团股份有限公司,暂无职位,status_code,active,accessible_no_job,V1.2 标为 active 且入口仅为官网首页；本轮补全官方 ATS URL，但校园招聘页明确显示暂无热招职位、暂无长招职位，降级为 accessible_no_job,https://www.cnkh.com｜https://kanghong.zhiye.com/campus/jobs,2026-09-26,高,否
CD0026,成都康弘药业集团股份有限公司,更新,verification_level,source_evidence_only,listing_count_observed,V1.2 标为 active 且入口仅为官网首页；本轮补全官方 ATS URL，但校园招聘页明确显示暂无热招职位、暂无长招职位，降级为 accessible_no_job,https://www.cnkh.com｜https://kanghong.zhiye.com/campus/jobs,2026-09-26,中,是
CD0026,成都康弘药业集团股份有限公司,更新,record_category,official_active,unavailable_or_no_job,V1.2 标为 active 且入口仅为官网首页；本轮补全官方 ATS URL，但校园招聘页明确显示暂无热招职位、暂无长招职位，降级为 accessible_no_job,https://www.cnkh.com｜https://kanghong.zhiye.com/campus/jobs,2026-09-26,中,是
CD0026,成都康弘药业集团股份有限公司,更新,企业等级,A,B,V1.2 标为 active 且入口仅为官网首页；本轮补全官方 ATS URL，但校园招聘页明确显示暂无热招职位、暂无长招职位，降级为 accessible_no_job,https://www.cnkh.com｜https://kanghong.zhiye.com/campus/jobs,2026-09-26,高,否
CD0030,成都京东方光电科技有限公司,更新,公司官网,https://www.boe.com,https://m.boe.com/join/index,V1.2 入口不变；补充确认官网分流出 campus.boe.com 与 career.boe.com 两个子入口，本次未能筛出成都岗位,https://m.boe.com/join/index｜http://campus.boe.com/,2026-09-26,中,是
CD0030,成都京东方光电科技有限公司,更新,含成都岗位,是,未知,V1.2 入口不变；补充确认官网分流出 campus.boe.com 与 career.boe.com 两个子入口，本次未能筛出成都岗位,https://m.boe.com/join/index｜http://campus.boe.com/,2026-09-26,高,否
CD0030,成都京东方光电科技有限公司,降级为待核验,status_code,active,needs_manual_review,V1.2 入口不变；补充确认官网分流出 campus.boe.com 与 career.boe.com 两个子入口，本次未能筛出成都岗位,https://m.boe.com/join/index｜http://campus.boe.com/,2026-09-26,高,否
CD0030,成都京东方光电科技有限公司,更新,record_category,official_active,manual_review,V1.2 入口不变；补充确认官网分流出 campus.boe.com 与 career.boe.com 两个子入口，本次未能筛出成都岗位,https://m.boe.com/join/index｜http://campus.boe.com/,2026-09-26,中,是
CD0030,成都京东方光电科技有限公司,更新,企业等级,A,B,V1.2 入口不变；补充确认官网分流出 campus.boe.com 与 career.boe.com 两个子入口，本次未能筛出成都岗位,https://m.boe.com/join/index｜http://campus.boe.com/,2026-09-26,高,否
CD0031,成都国光电气股份有限公司,更新,公司官网,http://www.chinaguoguang.com,https://chinaguoguang.com,V1.2 标为 active；本轮仅见2023-04-12发布的电真空设计师历史职位，未见当前职位，降级为 accessible_no_job,https://chinaguoguang.com/go-c97.htm｜https://chinaguoguang.com/go-a512.htm｜http://chinaguoguang.com/,2026-09-26,中,是
CD0031,成都国光电气股份有限公司,更新,含成都岗位,是,未知,V1.2 标为 active；本轮仅见2023-04-12发布的电真空设计师历史职位，未见当前职位，降级为 accessible_no_job,https://chinaguoguang.com/go-c97.htm｜https://chinaguoguang.com/go-a512.htm｜http://chinaguoguang.com/,2026-09-26,高,否
CD0031,成都国光电气股份有限公司,暂无职位,status_code,active,accessible_no_job,V1.2 标为 active；本轮仅见2023-04-12发布的电真空设计师历史职位，未见当前职位，降级为 accessible_no_job,https://chinaguoguang.com/go-c97.htm｜https://chinaguoguang.com/go-a512.htm｜http://chinaguoguang.com/,2026-09-26,高,否
CD0031,成都国光电气股份有限公司,更新,record_category,official_active,unavailable_or_no_job,V1.2 标为 active；本轮仅见2023-04-12发布的电真空设计师历史职位，未见当前职位，降级为 accessible_no_job,https://chinaguoguang.com/go-c97.htm｜https://chinaguoguang.com/go-a512.htm｜http://chinaguoguang.com/,2026-09-26,中,是
CD0031,成都国光电气股份有限公司,更新,企业等级,A,B,V1.2 标为 active；本轮仅见2023-04-12发布的电真空设计师历史职位，未见当前职位，降级为 accessible_no_job,https://chinaguoguang.com/go-c97.htm｜https://chinaguoguang.com/go-a512.htm｜http://chinaguoguang.com/,2026-09-26,高,否
CD0032,成都天马微电子有限公司,更新,公司官网,https://www.tianma.cn,https://campus.tianma.cn/,V1.2 入口 campus.tianma.cn 本次抓取失败（网络层错误，非 404），补充记录可访问的 Moka 官方校招落地页,https://campus.tianma.cn/｜https://app.mokahr.com/campus-recruitment/tianma/170490,2026-09-26,中,是
CD0032,成都天马微电子有限公司,更新,source_type_code,official_ats_third_party_hosted,group_unified_recruitment,V1.2 入口 campus.tianma.cn 本次抓取失败（网络层错误，非 404），补充记录可访问的 Moka 官方校招落地页,https://campus.tianma.cn/｜https://app.mokahr.com/campus-recruitment/tianma/170490,2026-09-26,中,是
CD0032,成都天马微电子有限公司,更新,source_tier,official_ats,group_career_site,V1.2 入口 campus.tianma.cn 本次抓取失败（网络层错误，非 404），补充记录可访问的 Moka 官方校招落地页,https://campus.tianma.cn/｜https://app.mokahr.com/campus-recruitment/tianma/170490,2026-09-26,中,是
CD0032,成都天马微电子有限公司,更新,含成都岗位,是,未知,V1.2 入口 campus.tianma.cn 本次抓取失败（网络层错误，非 404），补充记录可访问的 Moka 官方校招落地页,https://campus.tianma.cn/｜https://app.mokahr.com/campus-recruitment/tianma/170490,2026-09-26,高,否
CD0032,成都天马微电子有限公司,降级为待核验,status_code,active,needs_manual_review,V1.2 入口 campus.tianma.cn 本次抓取失败（网络层错误，非 404），补充记录可访问的 Moka 官方校招落地页,https://campus.tianma.cn/｜https://app.mokahr.com/campus-recruitment/tianma/170490,2026-09-26,高,否
CD0032,成都天马微电子有限公司,更新,record_category,official_active,manual_review,V1.2 入口 campus.tianma.cn 本次抓取失败（网络层错误，非 404），补充记录可访问的 Moka 官方校招落地页,https://campus.tianma.cn/｜https://app.mokahr.com/campus-recruitment/tianma/170490,2026-09-26,中,是
CD0032,成都天马微电子有限公司,更新,企业等级,A,B,V1.2 入口 campus.tianma.cn 本次抓取失败（网络层错误，非 404），补充记录可访问的 Moka 官方校招落地页,https://campus.tianma.cn/｜https://app.mokahr.com/campus-recruitment/tianma/170490,2026-09-26,高,否
CD0033,成都旭光电子股份有限公司,更新,含成都岗位,是,未知,V1.2 标为 active；本轮人才招聘栏目只显示公司基本情况、简介、组织架构、荣誉和事业部介绍，未见职位，降级为 accessible_no_job,https://www.xuguang.com.cn/jobL｜https://www.xuguang.com.cn/job?art_id=212450&menu_id=56190,2026-09-26,高,否
CD0033,成都旭光电子股份有限公司,暂无职位,status_code,active,accessible_no_job,V1.2 标为 active；本轮人才招聘栏目只显示公司基本情况、简介、组织架构、荣誉和事业部介绍，未见职位，降级为 accessible_no_job,https://www.xuguang.com.cn/jobL｜https://www.xuguang.com.cn/job?art_id=212450&menu_id=56190,2026-09-26,高,否
CD0033,成都旭光电子股份有限公司,更新,record_category,official_active,unavailable_or_no_job,V1.2 标为 active；本轮人才招聘栏目只显示公司基本情况、简介、组织架构、荣誉和事业部介绍，未见职位，降级为 accessible_no_job,https://www.xuguang.com.cn/jobL｜https://www.xuguang.com.cn/job?art_id=212450&menu_id=56190,2026-09-26,中,是
CD0033,成都旭光电子股份有限公司,更新,企业等级,A,B,V1.2 标为 active；本轮人才招聘栏目只显示公司基本情况、简介、组织架构、荣誉和事业部介绍，未见职位，降级为 accessible_no_job,https://www.xuguang.com.cn/jobL｜https://www.xuguang.com.cn/job?art_id=212450&menu_id=56190,2026-09-26,高,否
CD0034,捷普科技（成都）有限公司,更新,公司官网,https://www.jabil.com,https://careers.jabil.com/,V1.2 入口不变；本次新增 2 条明确工作地=成都的官方职位样本，status 确认为 active,https://careers.jabil.com/jobs?location=Chengdu｜https://careers.jabil.com/en/jobs/job/j2246555-e-project-engineer-ii-tpm/｜https://careers.jabil.com/en/jobs/job/e-supply-chain-project-manager-scm%E9%A1%B9%E7%9B%AE%E7%BB%8F%E7%90%86-1/,2026-09-26,中,是
CD0034,捷普科技（成都）有限公司,更新,source_type_code,official_ats_third_party_hosted,group_unified_recruitment,V1.2 入口不变；本次新增 2 条明确工作地=成都的官方职位样本，status 确认为 active,https://careers.jabil.com/jobs?location=Chengdu｜https://careers.jabil.com/en/jobs/job/j2246555-e-project-engineer-ii-tpm/｜https://careers.jabil.com/en/jobs/job/e-supply-chain-project-manager-scm%E9%A1%B9%E7%9B%AE%E7%BB%8F%E7%90%86-1/,2026-09-26,中,是
CD0034,捷普科技（成都）有限公司,更新,source_tier,official_ats,group_career_site,V1.2 入口不变；本次新增 2 条明确工作地=成都的官方职位样本，status 确认为 active,https://careers.jabil.com/jobs?location=Chengdu｜https://careers.jabil.com/en/jobs/job/j2246555-e-project-engineer-ii-tpm/｜https://careers.jabil.com/en/jobs/job/e-supply-chain-project-manager-scm%E9%A1%B9%E7%9B%AE%E7%BB%8F%E7%90%86-1/,2026-09-26,中,是
CD0034,捷普科技（成都）有限公司,更新,verification_level,source_evidence_only,direct_job_observed,V1.2 入口不变；本次新增 2 条明确工作地=成都的官方职位样本，status 确认为 active,https://careers.jabil.com/jobs?location=Chengdu｜https://careers.jabil.com/en/jobs/job/j2246555-e-project-engineer-ii-tpm/｜https://careers.jabil.com/en/jobs/job/e-supply-chain-project-manager-scm%E9%A1%B9%E7%9B%AE%E7%BB%8F%E7%90%86-1/,2026-09-26,中,是
CD0034,捷普科技（成都）有限公司,更新,职位样本数,0,2,V1.2 入口不变；本次新增 2 条明确工作地=成都的官方职位样本，status 确认为 active,https://careers.jabil.com/jobs?location=Chengdu｜https://careers.jabil.com/en/jobs/job/j2246555-e-project-engineer-ii-tpm/｜https://careers.jabil.com/en/jobs/job/e-supply-chain-project-manager-scm%E9%A1%B9%E7%9B%AE%E7%BB%8F%E7%90%86-1/,2026-09-26,中,是
CD0034,捷普科技（成都）有限公司,更新,职位样本数,0,2,V1.2 入口不变；本次新增 2 条明确工作地=成都的官方职位样本，status 确认为 active,https://careers.jabil.com/jobs?location=Chengdu｜https://careers.jabil.com/en/jobs/job/j2246555-e-project-engineer-ii-tpm/｜https://careers.jabil.com/en/jobs/job/e-supply-chain-project-manager-scm%E9%A1%B9%E7%9B%AE%E7%BB%8F%E7%90%86-1/,2026-09-26,中,是
CD0039,北京京东世纪贸易有限公司成都分公司,更新,公司官网,https://www.jd.com/,https://zhaopin.jd.com/,V1.2 入口不变；本次首页热招列表未见成都岗位，has_chengdu_jobs 记为 false（非入口失效）,https://zhaopin.jd.com/,2026-09-26,中,是
CD0039,北京京东世纪贸易有限公司成都分公司,更新,含成都岗位,是,否,V1.2 入口不变；本次首页热招列表未见成都岗位，has_chengdu_jobs 记为 false（非入口失效）,https://zhaopin.jd.com/,2026-09-26,高,否
CD0039,北京京东世纪贸易有限公司成都分公司,降级为待核验,status_code,active,needs_manual_review,V1.2 入口不变；本次首页热招列表未见成都岗位，has_chengdu_jobs 记为 false（非入口失效）,https://zhaopin.jd.com/,2026-09-26,高,否
CD0039,北京京东世纪贸易有限公司成都分公司,更新,verification_level,source_evidence_only,listing_count_observed,V1.2 入口不变；本次首页热招列表未见成都岗位，has_chengdu_jobs 记为 false（非入口失效）,https://zhaopin.jd.com/,2026-09-26,中,是
CD0039,北京京东世纪贸易有限公司成都分公司,更新,record_category,official_active,manual_review,V1.2 入口不变；本次首页热招列表未见成都岗位，has_chengdu_jobs 记为 false（非入口失效）,https://zhaopin.jd.com/,2026-09-26,中,是
CD0039,北京京东世纪贸易有限公司成都分公司,更新,企业等级,A,B,V1.2 入口不变；本次首页热招列表未见成都岗位，has_chengdu_jobs 记为 false（非入口失效）,https://zhaopin.jd.com/,2026-09-26,高,否
CD0041,四川久远银海软件股份有限公司,更新,招聘入口URL,https://www.yinhai.com/pc/jrwm_1702523391000/index.html,https://www.yinhai.com/pc/ycjh_1702523841087/index.html,保留 active；从仅有福利文化的加入我们页找到实际可访问的英才计划页，确认3类招聘岗位，但因地点未明示成都不生成成都职位样本,https://www.yinhai.com/pc/jrwm_1702523391000/index.html｜https://www.yinhai.com/pc/ycjh_1702523841087/index.html,2026-09-26,中,是
CD0041,四川久远银海软件股份有限公司,更新,含成都岗位,是,未知,保留 active；从仅有福利文化的加入我们页找到实际可访问的英才计划页，确认3类招聘岗位，但因地点未明示成都不生成成都职位样本,https://www.yinhai.com/pc/jrwm_1702523391000/index.html｜https://www.yinhai.com/pc/ycjh_1702523841087/index.html,2026-09-26,高,否
CD0041,四川久远银海软件股份有限公司,更新,verification_level,source_evidence_only,direct_job_observed,保留 active；从仅有福利文化的加入我们页找到实际可访问的英才计划页，确认3类招聘岗位，但因地点未明示成都不生成成都职位样本,https://www.yinhai.com/pc/jrwm_1702523391000/index.html｜https://www.yinhai.com/pc/ycjh_1702523841087/index.html,2026-09-26,中,是
CD0041,四川久远银海软件股份有限公司,更新,企业等级,A,B,保留 active；从仅有福利文化的加入我们页找到实际可访问的英才计划页，确认3类招聘岗位，但因地点未明示成都不生成成都职位样本,https://www.yinhai.com/pc/jrwm_1702523391000/index.html｜https://www.yinhai.com/pc/ycjh_1702523841087/index.html,2026-09-26,高,否
CD0042,思爱普（中国）有限公司成都分公司,更新,公司官网,https://www.sap.cn/,https://jobs.sap.com/,V1.2 入口不变；本次在官方职位搜索页确认到 2 条成都岗位，has_chengdu_jobs 记为 true，status 由待核验改为 active,https://jobs.sap.com/search/?q=SAP+company+SAP+jobs&scrollToTable=true&sortColumn=sort_title&sortDirection=desc&startrow=125｜https://jobs.sap.com/?locale=zh_CN,2026-09-26,中,是
CD0042,思爱普（中国）有限公司成都分公司,更新,source_type_code,official_ats_third_party_hosted,group_unified_recruitment,V1.2 入口不变；本次在官方职位搜索页确认到 2 条成都岗位，has_chengdu_jobs 记为 true，status 由待核验改为 active,https://jobs.sap.com/search/?q=SAP+company+SAP+jobs&scrollToTable=true&sortColumn=sort_title&sortDirection=desc&startrow=125｜https://jobs.sap.com/?locale=zh_CN,2026-09-26,中,是
CD0042,思爱普（中国）有限公司成都分公司,更新,source_tier,official_ats,group_career_site,V1.2 入口不变；本次在官方职位搜索页确认到 2 条成都岗位，has_chengdu_jobs 记为 true，status 由待核验改为 active,https://jobs.sap.com/search/?q=SAP+company+SAP+jobs&scrollToTable=true&sortColumn=sort_title&sortDirection=desc&startrow=125｜https://jobs.sap.com/?locale=zh_CN,2026-09-26,中,是
CD0042,思爱普（中国）有限公司成都分公司,更新,verification_level,source_evidence_only,direct_job_observed,V1.2 入口不变；本次在官方职位搜索页确认到 2 条成都岗位，has_chengdu_jobs 记为 true，status 由待核验改为 active,https://jobs.sap.com/search/?q=SAP+company+SAP+jobs&scrollToTable=true&sortColumn=sort_title&sortDirection=desc&startrow=125｜https://jobs.sap.com/?locale=zh_CN,2026-09-26,中,是
CD0042,思爱普（中国）有限公司成都分公司,更新,职位样本数,0,2,V1.2 入口不变；本次在官方职位搜索页确认到 2 条成都岗位，has_chengdu_jobs 记为 true，status 由待核验改为 active,https://jobs.sap.com/search/?q=SAP+company+SAP+jobs&scrollToTable=true&sortColumn=sort_title&sortDirection=desc&startrow=125｜https://jobs.sap.com/?locale=zh_CN,2026-09-26,中,是
CD0042,思爱普（中国）有限公司成都分公司,更新,职位样本数,0,2,V1.2 入口不变；本次在官方职位搜索页确认到 2 条成都岗位，has_chengdu_jobs 记为 true，status 由待核验改为 active,https://jobs.sap.com/search/?q=SAP+company+SAP+jobs&scrollToTable=true&sortColumn=sort_title&sortDirection=desc&startrow=125｜https://jobs.sap.com/?locale=zh_CN,2026-09-26,中,是
CD0044,滴滴出行科技有限公司成都分公司,更新,公司官网,https://www.didiglobal.com/,https://talent.didiglobal.com/,V1.2 入口不变；本次社招列表页未见成都岗位，has_chengdu_jobs 记为 false（非入口失效）,https://talent.didiglobal.com/｜https://talent.didiglobal.com/social,2026-09-26,中,是
CD0044,滴滴出行科技有限公司成都分公司,更新,含成都岗位,是,否,V1.2 入口不变；本次社招列表页未见成都岗位，has_chengdu_jobs 记为 false（非入口失效）,https://talent.didiglobal.com/｜https://talent.didiglobal.com/social,2026-09-26,高,否
CD0044,滴滴出行科技有限公司成都分公司,降级为待核验,status_code,active,needs_manual_review,V1.2 入口不变；本次社招列表页未见成都岗位，has_chengdu_jobs 记为 false（非入口失效）,https://talent.didiglobal.com/｜https://talent.didiglobal.com/social,2026-09-26,高,否
CD0044,滴滴出行科技有限公司成都分公司,更新,verification_level,source_evidence_only,listing_count_observed,V1.2 入口不变；本次社招列表页未见成都岗位，has_chengdu_jobs 记为 false（非入口失效）,https://talent.didiglobal.com/｜https://talent.didiglobal.com/social,2026-09-26,中,是
CD0044,滴滴出行科技有限公司成都分公司,更新,record_category,official_active,manual_review,V1.2 入口不变；本次社招列表页未见成都岗位，has_chengdu_jobs 记为 false（非入口失效）,https://talent.didiglobal.com/｜https://talent.didiglobal.com/social,2026-09-26,中,是
CD0044,滴滴出行科技有限公司成都分公司,更新,企业等级,A,B,V1.2 入口不变；本次社招列表页未见成都岗位，has_chengdu_jobs 记为 false（非入口失效）,https://talent.didiglobal.com/｜https://talent.didiglobal.com/social,2026-09-26,高,否
CD0045,腾讯科技（成都）有限公司,更新,公司官网,https://www.tencent.com/,https://careers.tencent.com/,V1.2 入口不变；本次确认官网可明确筛出成都岗位并采集 7 条样本，status 确认为 active，has_chengdu_jobs=true,https://careers.tencent.com/cityinfo.html?city=8｜https://careers.tencent.com/jobdesc.html?postId=2082418129375506432｜https://careers.tencent.com/,2026-09-26,中,是
CD0045,腾讯科技（成都）有限公司,更新,verification_level,source_evidence_only,direct_job_observed,V1.2 入口不变；本次确认官网可明确筛出成都岗位并采集 7 条样本，status 确认为 active，has_chengdu_jobs=true,https://careers.tencent.com/cityinfo.html?city=8｜https://careers.tencent.com/jobdesc.html?postId=2082418129375506432｜https://careers.tencent.com/,2026-09-26,中,是
CD0045,腾讯科技（成都）有限公司,更新,职位样本数,0,7,V1.2 入口不变；本次确认官网可明确筛出成都岗位并采集 7 条样本，status 确认为 active，has_chengdu_jobs=true,https://careers.tencent.com/cityinfo.html?city=8｜https://careers.tencent.com/jobdesc.html?postId=2082418129375506432｜https://careers.tencent.com/,2026-09-26,中,是
CD0045,腾讯科技（成都）有限公司,更新,职位样本数,0,7,V1.2 入口不变；本次确认官网可明确筛出成都岗位并采集 7 条样本，status 确认为 active，has_chengdu_jobs=true,https://careers.tencent.com/cityinfo.html?city=8｜https://careers.tencent.com/jobdesc.html?postId=2082418129375506432｜https://careers.tencent.com/,2026-09-26,中,是
CD0046,阿里巴巴（中国）有限公司成都分公司,更新,公司官网,https://www.alibabagroup.com/,https://campus-talent.alibaba.com/,V1.2 入口不变；本次在校招职位列表页确认到含成都的岗位，has_chengdu_jobs 记为 true，status 确认为 active,https://campus-talent.alibaba.com/campus/position-list?campusType=freshman｜https://campus-talent.alibaba.com/campus/position/199907640056?deptCodes=,2026-09-26,中,是
CD0046,阿里巴巴（中国）有限公司成都分公司,更新,verification_level,source_evidence_only,direct_job_observed,V1.2 入口不变；本次在校招职位列表页确认到含成都的岗位，has_chengdu_jobs 记为 true，status 确认为 active,https://campus-talent.alibaba.com/campus/position-list?campusType=freshman｜https://campus-talent.alibaba.com/campus/position/199907640056?deptCodes=,2026-09-26,中,是
CD0046,阿里巴巴（中国）有限公司成都分公司,更新,职位样本数,0,1,V1.2 入口不变；本次在校招职位列表页确认到含成都的岗位，has_chengdu_jobs 记为 true，status 确认为 active,https://campus-talent.alibaba.com/campus/position-list?campusType=freshman｜https://campus-talent.alibaba.com/campus/position/199907640056?deptCodes=,2026-09-26,中,是
CD0046,阿里巴巴（中国）有限公司成都分公司,更新,职位样本数,0,1,V1.2 入口不变；本次在校招职位列表页确认到含成都的岗位，has_chengdu_jobs 记为 true，status 确认为 active,https://campus-talent.alibaba.com/campus/position-list?campusType=freshman｜https://campus-talent.alibaba.com/campus/position/199907640056?deptCodes=,2026-09-26,中,是
CD0047,中兴通讯股份有限公司成都分公司,更新,公司官网,https://www.zte.com.cn/,http://job.zte.com.cn/,V1.2 入口不变；本次可访问官方招聘首页并确认其分流至 Moka（app.mokahr.com/campus-recruitment/zte/46903、social-recruitment/zte/47588），但未取得成都岗位,http://job.zte.com.cn/｜https://app.mokahr.com/campus-recruitment/zte/46903#/jobs?project=100022014&zhineng=72363&page=1&keyword=&anchorName=jobsList,2026-09-26,中,是
CD0047,中兴通讯股份有限公司成都分公司,更新,含成都岗位,是,未知,V1.2 入口不变；本次可访问官方招聘首页并确认其分流至 Moka（app.mokahr.com/campus-recruitment/zte/46903、social-recruitment/zte/47588），但未取得成都岗位,http://job.zte.com.cn/｜https://app.mokahr.com/campus-recruitment/zte/46903#/jobs?project=100022014&zhineng=72363&page=1&keyword=&anchorName=jobsList,2026-09-26,高,否
CD0047,中兴通讯股份有限公司成都分公司,降级为待核验,status_code,active,needs_manual_review,V1.2 入口不变；本次可访问官方招聘首页并确认其分流至 Moka（app.mokahr.com/campus-recruitment/zte/46903、social-recruitment/zte/47588），但未取得成都岗位,http://job.zte.com.cn/｜https://app.mokahr.com/campus-recruitment/zte/46903#/jobs?project=100022014&zhineng=72363&page=1&keyword=&anchorName=jobsList,2026-09-26,高,否
CD0047,中兴通讯股份有限公司成都分公司,更新,record_category,official_active,manual_review,V1.2 入口不变；本次可访问官方招聘首页并确认其分流至 Moka（app.mokahr.com/campus-recruitment/zte/46903、social-recruitment/zte/47588），但未取得成都岗位,http://job.zte.com.cn/｜https://app.mokahr.com/campus-recruitment/zte/46903#/jobs?project=100022014&zhineng=72363&page=1&keyword=&anchorName=jobsList,2026-09-26,中,是
CD0047,中兴通讯股份有限公司成都分公司,更新,企业等级,A,B,V1.2 入口不变；本次可访问官方招聘首页并确认其分流至 Moka（app.mokahr.com/campus-recruitment/zte/46903、social-recruitment/zte/47588），但未取得成都岗位,http://job.zte.com.cn/｜https://app.mokahr.com/campus-recruitment/zte/46903#/jobs?project=100022014&zhineng=72363&page=1&keyword=&anchorName=jobsList,2026-09-26,高,否
CD0048,华为技术有限公司成都研究所,更新,公司官网,https://www.huawei.com/,https://career.huawei.com/,V1.2 入口不变；本次确认到 1 条明确工作地=成都的官方职位，has_chengdu_jobs 记为 true，status 确认为 active,https://career.huawei.com/cn/job-details?advertisementId=41276｜https://career.huawei.com/｜https://career.huawei.com/reccampportal/portal5/social-recruitment.html,2026-09-26,中,是
CD0048,华为技术有限公司成都研究所,更新,verification_level,source_evidence_only,direct_job_observed,V1.2 入口不变；本次确认到 1 条明确工作地=成都的官方职位，has_chengdu_jobs 记为 true，status 确认为 active,https://career.huawei.com/cn/job-details?advertisementId=41276｜https://career.huawei.com/｜https://career.huawei.com/reccampportal/portal5/social-recruitment.html,2026-09-26,中,是
CD0048,华为技术有限公司成都研究所,更新,职位样本数,0,1,V1.2 入口不变；本次确认到 1 条明确工作地=成都的官方职位，has_chengdu_jobs 记为 true，status 确认为 active,https://career.huawei.com/cn/job-details?advertisementId=41276｜https://career.huawei.com/｜https://career.huawei.com/reccampportal/portal5/social-recruitment.html,2026-09-26,中,是
CD0048,华为技术有限公司成都研究所,更新,职位样本数,0,1,V1.2 入口不变；本次确认到 1 条明确工作地=成都的官方职位，has_chengdu_jobs 记为 true，status 确认为 active,https://career.huawei.com/cn/job-details?advertisementId=41276｜https://career.huawei.com/｜https://career.huawei.com/reccampportal/portal5/social-recruitment.html,2026-09-26,中,是
CD0051,成都天锐星通科技股份有限公司,未找到入口,source_type_code,wechat_official_account,not_found,V1.2 标为 active 且仅写微信公众号招聘、入口 URL 为空；本轮未找到可公开访问的企业招聘入口，降级为 not_found,http://t-ray.net｜https://jy.scu.edu.cn/index/index/employjobdetail.html?data=MDAwMDAwMDAwMJG6n3_Ed6imi4qQtLh4Y9-K0NSyyWHddricp9CWi5qikaeWacSdqLqGfaK2w4iil5C4zNbGiL-E｜https://jy.scu.edu.cn/index/index/employjobdetail.html?data=MDAwMDAwMDAwMJG6n3_Ed6imi4qQtLh4Y9-K0NSqspzddricp9CWi5qikaeWacSdqLqGfaK2w4,2026-09-26,高,否
CD0051,成都天锐星通科技股份有限公司,更新,source_tier,official_wechat,unknown,V1.2 标为 active 且仅写微信公众号招聘、入口 URL 为空；本轮未找到可公开访问的企业招聘入口，降级为 not_found,http://t-ray.net｜https://jy.scu.edu.cn/index/index/employjobdetail.html?data=MDAwMDAwMDAwMJG6n3_Ed6imi4qQtLh4Y9-K0NSyyWHddricp9CWi5qikaeWacSdqLqGfaK2w4iil5C4zNbGiL-E｜https://jy.scu.edu.cn/index/index/employjobdetail.html?data=MDAwMDAwMDAwMJG6n3_Ed6imi4qQtLh4Y9-K0NSqspzddricp9CWi5qikaeWacSdqLqGfaK2w4,2026-09-26,高,否
CD0051,成都天锐星通科技股份有限公司,更新,是否官方来源,是,否,V1.2 标为 active 且仅写微信公众号招聘、入口 URL 为空；本轮未找到可公开访问的企业招聘入口，降级为 not_found,http://t-ray.net｜https://jy.scu.edu.cn/index/index/employjobdetail.html?data=MDAwMDAwMDAwMJG6n3_Ed6imi4qQtLh4Y9-K0NSyyWHddricp9CWi5qikaeWacSdqLqGfaK2w4iil5C4zNbGiL-E｜https://jy.scu.edu.cn/index/index/employjobdetail.html?data=MDAwMDAwMDAwMJG6n3_Ed6imi4qQtLh4Y9-K0NSqspzddricp9CWi5qikaeWacSdqLqGfaK2w4,2026-09-26,高,否
CD0051,成都天锐星通科技股份有限公司,更新,含成都岗位,是,未知,V1.2 标为 active 且仅写微信公众号招聘、入口 URL 为空；本轮未找到可公开访问的企业招聘入口，降级为 not_found,http://t-ray.net｜https://jy.scu.edu.cn/index/index/employjobdetail.html?data=MDAwMDAwMDAwMJG6n3_Ed6imi4qQtLh4Y9-K0NSyyWHddricp9CWi5qikaeWacSdqLqGfaK2w4iil5C4zNbGiL-E｜https://jy.scu.edu.cn/index/index/employjobdetail.html?data=MDAwMDAwMDAwMJG6n3_Ed6imi4qQtLh4Y9-K0NSqspzddricp9CWi5qikaeWacSdqLqGfaK2w4,2026-09-26,高,否
CD0051,成都天锐星通科技股份有限公司,未找到入口,status_code,active,not_found,V1.2 标为 active 且仅写微信公众号招聘、入口 URL 为空；本轮未找到可公开访问的企业招聘入口，降级为 not_found,http://t-ray.net｜https://jy.scu.edu.cn/index/index/employjobdetail.html?data=MDAwMDAwMDAwMJG6n3_Ed6imi4qQtLh4Y9-K0NSyyWHddricp9CWi5qikaeWacSdqLqGfaK2w4iil5C4zNbGiL-E｜https://jy.scu.edu.cn/index/index/employjobdetail.html?data=MDAwMDAwMDAwMJG6n3_Ed6imi4qQtLh4Y9-K0NSqspzddricp9CWi5qikaeWacSdqLqGfaK2w4,2026-09-26,高,否
CD0051,成都天锐星通科技股份有限公司,更新,verification_level,source_evidence_only,manual_review_required,V1.2 标为 active 且仅写微信公众号招聘、入口 URL 为空；本轮未找到可公开访问的企业招聘入口，降级为 not_found,http://t-ray.net｜https://jy.scu.edu.cn/index/index/employjobdetail.html?data=MDAwMDAwMDAwMJG6n3_Ed6imi4qQtLh4Y9-K0NSyyWHddricp9CWi5qikaeWacSdqLqGfaK2w4iil5C4zNbGiL-E｜https://jy.scu.edu.cn/index/index/employjobdetail.html?data=MDAwMDAwMDAwMJG6n3_Ed6imi4qQtLh4Y9-K0NSqspzddricp9CWi5qikaeWacSdqLqGfaK2w4,2026-09-26,高,否
CD0051,成都天锐星通科技股份有限公司,更新,record_category,official_active,unavailable_or_no_job,V1.2 标为 active 且仅写微信公众号招聘、入口 URL 为空；本轮未找到可公开访问的企业招聘入口，降级为 not_found,http://t-ray.net｜https://jy.scu.edu.cn/index/index/employjobdetail.html?data=MDAwMDAwMDAwMJG6n3_Ed6imi4qQtLh4Y9-K0NSyyWHddricp9CWi5qikaeWacSdqLqGfaK2w4iil5C4zNbGiL-E｜https://jy.scu.edu.cn/index/index/employjobdetail.html?data=MDAwMDAwMDAwMJG6n3_Ed6imi4qQtLh4Y9-K0NSqspzddricp9CWi5qikaeWacSdqLqGfaK2w4,2026-09-26,高,否
CD0051,成都天锐星通科技股份有限公司,更新,企业等级,A,B,V1.2 标为 active 且仅写微信公众号招聘、入口 URL 为空；本轮未找到可公开访问的企业招聘入口，降级为 not_found,http://t-ray.net｜https://jy.scu.edu.cn/index/index/employjobdetail.html?data=MDAwMDAwMDAwMJG6n3_Ed6imi4qQtLh4Y9-K0NSyyWHddricp9CWi5qikaeWacSdqLqGfaK2w4iil5C4zNbGiL-E｜https://jy.scu.edu.cn/index/index/employjobdetail.html?data=MDAwMDAwMDAwMJG6n3_Ed6imi4qQtLh4Y9-K0NSqspzddricp9CWi5qikaeWacSdqLqGfaK2w4,2026-09-26,高,否
CD0052,成都新易盛通信科技股份有限公司,更新,公司官网,https://www.eoptolink.com,https://www.eoptolink.com/about-us/careers,V1.2 入口为英文官网 careers 页（无具体职位）；本次定位到实际官方 ATS 校招列表 eoptolink.zhiye.com/campus/jobs，可明确筛出成都双流区岗位，采集 8 条样本，status 确认为 active,https://eoptolink.zhiye.com/campus/jobs｜https://www.eoptolink.com/about-us/careers,2026-09-26,中,是
CD0052,成都新易盛通信科技股份有限公司,更新,招聘入口URL,https://www.eoptolink.com/about-us/careers,https://eoptolink.zhiye.com/campus/jobs,V1.2 入口为英文官网 careers 页（无具体职位）；本次定位到实际官方 ATS 校招列表 eoptolink.zhiye.com/campus/jobs，可明确筛出成都双流区岗位，采集 8 条样本，status 确认为 active,https://eoptolink.zhiye.com/campus/jobs｜https://www.eoptolink.com/about-us/careers,2026-09-26,中,是
CD0052,成都新易盛通信科技股份有限公司,更新,source_type_code,official_careers_page,official_ats_third_party_hosted,V1.2 入口为英文官网 careers 页（无具体职位）；本次定位到实际官方 ATS 校招列表 eoptolink.zhiye.com/campus/jobs，可明确筛出成都双流区岗位，采集 8 条样本，status 确认为 active,https://eoptolink.zhiye.com/campus/jobs｜https://www.eoptolink.com/about-us/careers,2026-09-26,中,是
CD0052,成都新易盛通信科技股份有限公司,更新,source_tier,official_company,official_ats,V1.2 入口为英文官网 careers 页（无具体职位）；本次定位到实际官方 ATS 校招列表 eoptolink.zhiye.com/campus/jobs，可明确筛出成都双流区岗位，采集 8 条样本，status 确认为 active,https://eoptolink.zhiye.com/campus/jobs｜https://www.eoptolink.com/about-us/careers,2026-09-26,中,是
CD0052,成都新易盛通信科技股份有限公司,更新,verification_level,source_evidence_only,direct_job_observed,V1.2 入口为英文官网 careers 页（无具体职位）；本次定位到实际官方 ATS 校招列表 eoptolink.zhiye.com/campus/jobs，可明确筛出成都双流区岗位，采集 8 条样本，status 确认为 active,https://eoptolink.zhiye.com/campus/jobs｜https://www.eoptolink.com/about-us/careers,2026-09-26,中,是
CD0052,成都新易盛通信科技股份有限公司,更新,职位样本数,0,8,V1.2 入口为英文官网 careers 页（无具体职位）；本次定位到实际官方 ATS 校招列表 eoptolink.zhiye.com/campus/jobs，可明确筛出成都双流区岗位，采集 8 条样本，status 确认为 active,https://eoptolink.zhiye.com/campus/jobs｜https://www.eoptolink.com/about-us/careers,2026-09-26,中,是
CD0052,成都新易盛通信科技股份有限公司,更新,职位样本数,0,8,V1.2 入口为英文官网 careers 页（无具体职位）；本次定位到实际官方 ATS 校招列表 eoptolink.zhiye.com/campus/jobs，可明确筛出成都双流区岗位，采集 8 条样本，status 确认为 active,https://eoptolink.zhiye.com/campus/jobs｜https://www.eoptolink.com/about-us/careers,2026-09-26,中,是
CD0053,中软国际科技服务有限公司成都分公司,更新,招聘入口URL,https://www.chinasofti.com/joinUs/index.htm,http://zhaopin.chinasoftinc.com,"降级+换入口：V1.2 入口 https://www.chinasofti.com/joinUs/index.htm 本次访问返回 404（已失效），改录企业自有域名招聘系统 http://zhaopin.chinasoftinc.com（official_company）；该系统为纯前端 JS 渲染（静态抓取显示 ""We're sorry but rs-protal doesn't work properly without JavaScript enabled"" + Network Error），未能确认成都职位，故 has_chengdu_jobs 记 false 且状态维持 needs",http://zhaopin.chinasoftinc.com｜https://www.chinasofti.com/joinUs/index.htm｜https://jobcareer.sdu.edu.cn/eweb/jygl/index.so?modcode=jygl_zpxxck&subsyscode=zpfw&rklx=jyw&lmxhV=0402&type=ssoZxzpView&id=TmdmfhF9QSzCpcM5iZCHDN,2026-09-26,中,是
CD0053,中软国际科技服务有限公司成都分公司,更新,含成都岗位,未知,否,"降级+换入口：V1.2 入口 https://www.chinasofti.com/joinUs/index.htm 本次访问返回 404（已失效），改录企业自有域名招聘系统 http://zhaopin.chinasoftinc.com（official_company）；该系统为纯前端 JS 渲染（静态抓取显示 ""We're sorry but rs-protal doesn't work properly without JavaScript enabled"" + Network Error），未能确认成都职位，故 has_chengdu_jobs 记 false 且状态维持 needs",http://zhaopin.chinasoftinc.com｜https://www.chinasofti.com/joinUs/index.htm｜https://jobcareer.sdu.edu.cn/eweb/jygl/index.so?modcode=jygl_zpxxck&subsyscode=zpfw&rklx=jyw&lmxhV=0402&type=ssoZxzpView&id=TmdmfhF9QSzCpcM5iZCHDN,2026-09-26,中,是
CD0053,中软国际科技服务有限公司成都分公司,更新,verification_level,manual_review_required,source_evidence_only,"降级+换入口：V1.2 入口 https://www.chinasofti.com/joinUs/index.htm 本次访问返回 404（已失效），改录企业自有域名招聘系统 http://zhaopin.chinasoftinc.com（official_company）；该系统为纯前端 JS 渲染（静态抓取显示 ""We're sorry but rs-protal doesn't work properly without JavaScript enabled"" + Network Error），未能确认成都职位，故 has_chengdu_jobs 记 false 且状态维持 needs",http://zhaopin.chinasoftinc.com｜https://www.chinasofti.com/joinUs/index.htm｜https://jobcareer.sdu.edu.cn/eweb/jygl/index.so?modcode=jygl_zpxxck&subsyscode=zpfw&rklx=jyw&lmxhV=0402&type=ssoZxzpView&id=TmdmfhF9QSzCpcM5iZCHDN,2026-09-26,中,是
CD0060,成都索贝数码科技股份有限公司,更新,公司官网,https://www.sobey.com/,https://www.sobey.com,升级：V1.2 为 not_found（未找到任何招聘入口），本轮通过高校就业网（jy.scu.edu.cn）披露确认企业专属 ATS 门户 https://sobey.zhiye.com，source_type 由 not_found 升级为 official_ats_third_party_hosted / official_ats；但该门户当前显示「企业已暂停招聘」、未见任何在招职位，故 status 记 accessible_no_job（非招聘永久关闭）,https://sobey.zhiye.com｜https://www.sobey.com｜https://jy.scu.edu.cn/index/index/employjobdetail.html?data=MDAwMDAwMDAwMJG6n3_Ed6imi4qQtbR4iZuKuLa6yGHRp7ugzc-GnZ2skMx9ZMN4gtKLipCwxKF0lZC5sq-0gqJv,2026-09-26,中,是
CD0060,成都索贝数码科技股份有限公司,更新,招聘入口URL,（空）,https://sobey.zhiye.com,升级：V1.2 为 not_found（未找到任何招聘入口），本轮通过高校就业网（jy.scu.edu.cn）披露确认企业专属 ATS 门户 https://sobey.zhiye.com，source_type 由 not_found 升级为 official_ats_third_party_hosted / official_ats；但该门户当前显示「企业已暂停招聘」、未见任何在招职位，故 status 记 accessible_no_job（非招聘永久关闭）,https://sobey.zhiye.com｜https://www.sobey.com｜https://jy.scu.edu.cn/index/index/employjobdetail.html?data=MDAwMDAwMDAwMJG6n3_Ed6imi4qQtbR4iZuKuLa6yGHRp7ugzc-GnZ2skMx9ZMN4gtKLipCwxKF0lZC5sq-0gqJv,2026-09-26,中,是
CD0060,成都索贝数码科技股份有限公司,更新,source_type_code,not_found,official_ats_third_party_hosted,升级：V1.2 为 not_found（未找到任何招聘入口），本轮通过高校就业网（jy.scu.edu.cn）披露确认企业专属 ATS 门户 https://sobey.zhiye.com，source_type 由 not_found 升级为 official_ats_third_party_hosted / official_ats；但该门户当前显示「企业已暂停招聘」、未见任何在招职位，故 status 记 accessible_no_job（非招聘永久关闭）,https://sobey.zhiye.com｜https://www.sobey.com｜https://jy.scu.edu.cn/index/index/employjobdetail.html?data=MDAwMDAwMDAwMJG6n3_Ed6imi4qQtbR4iZuKuLa6yGHRp7ugzc-GnZ2skMx9ZMN4gtKLipCwxKF0lZC5sq-0gqJv,2026-09-26,中,是
CD0060,成都索贝数码科技股份有限公司,更新,source_tier,unknown,official_ats,升级：V1.2 为 not_found（未找到任何招聘入口），本轮通过高校就业网（jy.scu.edu.cn）披露确认企业专属 ATS 门户 https://sobey.zhiye.com，source_type 由 not_found 升级为 official_ats_third_party_hosted / official_ats；但该门户当前显示「企业已暂停招聘」、未见任何在招职位，故 status 记 accessible_no_job（非招聘永久关闭）,https://sobey.zhiye.com｜https://www.sobey.com｜https://jy.scu.edu.cn/index/index/employjobdetail.html?data=MDAwMDAwMDAwMJG6n3_Ed6imi4qQtbR4iZuKuLa6yGHRp7ugzc-GnZ2skMx9ZMN4gtKLipCwxKF0lZC5sq-0gqJv,2026-09-26,中,是
CD0060,成都索贝数码科技股份有限公司,更新,是否官方来源,否,是,升级：V1.2 为 not_found（未找到任何招聘入口），本轮通过高校就业网（jy.scu.edu.cn）披露确认企业专属 ATS 门户 https://sobey.zhiye.com，source_type 由 not_found 升级为 official_ats_third_party_hosted / official_ats；但该门户当前显示「企业已暂停招聘」、未见任何在招职位，故 status 记 accessible_no_job（非招聘永久关闭）,https://sobey.zhiye.com｜https://www.sobey.com｜https://jy.scu.edu.cn/index/index/employjobdetail.html?data=MDAwMDAwMDAwMJG6n3_Ed6imi4qQtbR4iZuKuLa6yGHRp7ugzc-GnZ2skMx9ZMN4gtKLipCwxKF0lZC5sq-0gqJv,2026-09-26,中,是
CD0060,成都索贝数码科技股份有限公司,更新,含成都岗位,未知,否,升级：V1.2 为 not_found（未找到任何招聘入口），本轮通过高校就业网（jy.scu.edu.cn）披露确认企业专属 ATS 门户 https://sobey.zhiye.com，source_type 由 not_found 升级为 official_ats_third_party_hosted / official_ats；但该门户当前显示「企业已暂停招聘」、未见任何在招职位，故 status 记 accessible_no_job（非招聘永久关闭）,https://sobey.zhiye.com｜https://www.sobey.com｜https://jy.scu.edu.cn/index/index/employjobdetail.html?data=MDAwMDAwMDAwMJG6n3_Ed6imi4qQtbR4iZuKuLa6yGHRp7ugzc-GnZ2skMx9ZMN4gtKLipCwxKF0lZC5sq-0gqJv,2026-09-26,中,是
CD0060,成都索贝数码科技股份有限公司,暂无职位,status_code,not_found,accessible_no_job,升级：V1.2 为 not_found（未找到任何招聘入口），本轮通过高校就业网（jy.scu.edu.cn）披露确认企业专属 ATS 门户 https://sobey.zhiye.com，source_type 由 not_found 升级为 official_ats_third_party_hosted / official_ats；但该门户当前显示「企业已暂停招聘」、未见任何在招职位，故 status 记 accessible_no_job（非招聘永久关闭）,https://sobey.zhiye.com｜https://www.sobey.com｜https://jy.scu.edu.cn/index/index/employjobdetail.html?data=MDAwMDAwMDAwMJG6n3_Ed6imi4qQtbR4iZuKuLa6yGHRp7ugzc-GnZ2skMx9ZMN4gtKLipCwxKF0lZC5sq-0gqJv,2026-09-26,中,否
CD0060,成都索贝数码科技股份有限公司,更新,verification_level,manual_review_required,source_evidence_only,升级：V1.2 为 not_found（未找到任何招聘入口），本轮通过高校就业网（jy.scu.edu.cn）披露确认企业专属 ATS 门户 https://sobey.zhiye.com，source_type 由 not_found 升级为 official_ats_third_party_hosted / official_ats；但该门户当前显示「企业已暂停招聘」、未见任何在招职位，故 status 记 accessible_no_job（非招聘永久关闭）,https://sobey.zhiye.com｜https://www.sobey.com｜https://jy.scu.edu.cn/index/index/employjobdetail.html?data=MDAwMDAwMDAwMJG6n3_Ed6imi4qQtbR4iZuKuLa6yGHRp7ugzc-GnZ2skMx9ZMN4gtKLipCwxKF0lZC5sq-0gqJv,2026-09-26,中,是
CD0063,成都依米康科技集团股份有限公司,更新,公司官网,http://www.ymk.com.cn/,http://www.ymk.com.cn,维持 needs_manual_review（V1.2 为 not_found）。本轮检索显示官网 ymk.com.cn 导航含「招贤纳士 / 加入我们」栏目，但本次两次直接访问（http/https）均抓取失败，未能取到该栏目的真实 URL；暂以高校就业网官方招聘公告作为 official_announcement 证据，未升级为 official 入口,https://job.xjtu.edu.cn/f/recruitmentinfo/show?recruitmentId=057f7bad12cb49fc9606f0212dc4a800｜http://www.ymk.com.cn,2026-09-26,中,是
CD0063,成都依米康科技集团股份有限公司,更新,招聘入口URL,（空）,https://job.xjtu.edu.cn/f/recruitmentinfo/show?recruitmentId=057f7bad12cb49fc9606f0212dc4a800,维持 needs_manual_review（V1.2 为 not_found）。本轮检索显示官网 ymk.com.cn 导航含「招贤纳士 / 加入我们」栏目，但本次两次直接访问（http/https）均抓取失败，未能取到该栏目的真实 URL；暂以高校就业网官方招聘公告作为 official_announcement 证据，未升级为 official 入口,https://job.xjtu.edu.cn/f/recruitmentinfo/show?recruitmentId=057f7bad12cb49fc9606f0212dc4a800｜http://www.ymk.com.cn,2026-09-26,中,是
CD0063,成都依米康科技集团股份有限公司,更新,source_type_code,not_found,unknown,维持 needs_manual_review（V1.2 为 not_found）。本轮检索显示官网 ymk.com.cn 导航含「招贤纳士 / 加入我们」栏目，但本次两次直接访问（http/https）均抓取失败，未能取到该栏目的真实 URL；暂以高校就业网官方招聘公告作为 official_announcement 证据，未升级为 official 入口,https://job.xjtu.edu.cn/f/recruitmentinfo/show?recruitmentId=057f7bad12cb49fc9606f0212dc4a800｜http://www.ymk.com.cn,2026-09-26,中,是
CD0063,成都依米康科技集团股份有限公司,更新,source_tier,unknown,official_announcement,维持 needs_manual_review（V1.2 为 not_found）。本轮检索显示官网 ymk.com.cn 导航含「招贤纳士 / 加入我们」栏目，但本次两次直接访问（http/https）均抓取失败，未能取到该栏目的真实 URL；暂以高校就业网官方招聘公告作为 official_announcement 证据，未升级为 official 入口,https://job.xjtu.edu.cn/f/recruitmentinfo/show?recruitmentId=057f7bad12cb49fc9606f0212dc4a800｜http://www.ymk.com.cn,2026-09-26,中,是
CD0063,成都依米康科技集团股份有限公司,更新,含成都岗位,未知,否,维持 needs_manual_review（V1.2 为 not_found）。本轮检索显示官网 ymk.com.cn 导航含「招贤纳士 / 加入我们」栏目，但本次两次直接访问（http/https）均抓取失败，未能取到该栏目的真实 URL；暂以高校就业网官方招聘公告作为 official_announcement 证据，未升级为 official 入口,https://job.xjtu.edu.cn/f/recruitmentinfo/show?recruitmentId=057f7bad12cb49fc9606f0212dc4a800｜http://www.ymk.com.cn,2026-09-26,中,是
CD0063,成都依米康科技集团股份有限公司,降级为待核验,status_code,not_found,needs_manual_review,维持 needs_manual_review（V1.2 为 not_found）。本轮检索显示官网 ymk.com.cn 导航含「招贤纳士 / 加入我们」栏目，但本次两次直接访问（http/https）均抓取失败，未能取到该栏目的真实 URL；暂以高校就业网官方招聘公告作为 official_announcement 证据，未升级为 official 入口,https://job.xjtu.edu.cn/f/recruitmentinfo/show?recruitmentId=057f7bad12cb49fc9606f0212dc4a800｜http://www.ymk.com.cn,2026-09-26,高,否
CD0063,成都依米康科技集团股份有限公司,更新,verification_level,manual_review_required,source_evidence_only,维持 needs_manual_review（V1.2 为 not_found）。本轮检索显示官网 ymk.com.cn 导航含「招贤纳士 / 加入我们」栏目，但本次两次直接访问（http/https）均抓取失败，未能取到该栏目的真实 URL；暂以高校就业网官方招聘公告作为 official_announcement 证据，未升级为 official 入口,https://job.xjtu.edu.cn/f/recruitmentinfo/show?recruitmentId=057f7bad12cb49fc9606f0212dc4a800｜http://www.ymk.com.cn,2026-09-26,中,是
CD0063,成都依米康科技集团股份有限公司,更新,record_category,unavailable_or_no_job,manual_review,维持 needs_manual_review（V1.2 为 not_found）。本轮检索显示官网 ymk.com.cn 导航含「招贤纳士 / 加入我们」栏目，但本次两次直接访问（http/https）均抓取失败，未能取到该栏目的真实 URL；暂以高校就业网官方招聘公告作为 official_announcement 证据，未升级为 official 入口,https://job.xjtu.edu.cn/f/recruitmentinfo/show?recruitmentId=057f7bad12cb49fc9606f0212dc4a800｜http://www.ymk.com.cn,2026-09-26,中,是
CD0077,创意信息技术股份有限公司,更新,公司官网,http://www.troy.cn/,https://www.troy.cn,维持 not_found（与 V1.2 一致）。本轮已实际访问官网 troy.cn 首页与 /aboutUs 页，导航为 首页/数字底座/数字连接/数字赋能/数字创新/标杆案例/新闻中心/关于我们/投资者关系，确无招聘栏目，也未发现 zhiye/Moka/gllue 等企业专属 ATS；第三方（全职招聘网、谈职、猎聘）显示有成都岗位，仅入 leads,https://www.troy.cn｜https://www.troy.cn/aboutUs,2026-09-26,中,是
CD0077,创意信息技术股份有限公司,更新,source_tier,unknown,third_party_lead,维持 not_found（与 V1.2 一致）。本轮已实际访问官网 troy.cn 首页与 /aboutUs 页，导航为 首页/数字底座/数字连接/数字赋能/数字创新/标杆案例/新闻中心/关于我们/投资者关系，确无招聘栏目，也未发现 zhiye/Moka/gllue 等企业专属 ATS；第三方（全职招聘网、谈职、猎聘）显示有成都岗位，仅入 leads,https://www.troy.cn｜https://www.troy.cn/aboutUs,2026-09-26,中,是
CD0077,创意信息技术股份有限公司,更新,含成都岗位,未知,否,维持 not_found（与 V1.2 一致）。本轮已实际访问官网 troy.cn 首页与 /aboutUs 页，导航为 首页/数字底座/数字连接/数字赋能/数字创新/标杆案例/新闻中心/关于我们/投资者关系，确无招聘栏目，也未发现 zhiye/Moka/gllue 等企业专属 ATS；第三方（全职招聘网、谈职、猎聘）显示有成都岗位，仅入 leads,https://www.troy.cn｜https://www.troy.cn/aboutUs,2026-09-26,中,是
CD0080,成都易我科技开发有限责任公司,更新,公司官网,https://www.easeus.com.cn/,https://www.easeus.com.cn,维持 not_found（与 V1.2 一致）。本轮实际抓取 easeus.com.cn 首页并检索两次，仍未发现官网招聘栏目或企业专属 ATS；招聘邮箱 zhaopin@easeus.com.cn 仅在 51job 企业主页（第三方）披露，不计为入口,https://www.easeus.com.cn｜https://jobs.51job.com/shangwusiji/co1140226.html,2026-09-26,中,是
CD0080,成都易我科技开发有限责任公司,更新,source_tier,unknown,third_party_lead,维持 not_found（与 V1.2 一致）。本轮实际抓取 easeus.com.cn 首页并检索两次，仍未发现官网招聘栏目或企业专属 ATS；招聘邮箱 zhaopin@easeus.com.cn 仅在 51job 企业主页（第三方）披露，不计为入口,https://www.easeus.com.cn｜https://jobs.51job.com/shangwusiji/co1140226.html,2026-09-26,中,是
CD0080,成都易我科技开发有限责任公司,更新,含成都岗位,未知,否,维持 not_found（与 V1.2 一致）。本轮实际抓取 easeus.com.cn 首页并检索两次，仍未发现官网招聘栏目或企业专属 ATS；招聘邮箱 zhaopin@easeus.com.cn 仅在 51job 企业主页（第三方）披露，不计为入口,https://www.easeus.com.cn｜https://jobs.51job.com/shangwusiji/co1140226.html,2026-09-26,中,是
CD0084,成都中科信息股份有限公司,更新,招聘入口URL,（空）,https://app.mokahr.com/campus_apply/casit/36780,升级：V1.2 为 unknown/needs_manual_review（未定位到官网招聘栏目或 ATS），本轮找到企业专属 Moka 校招站 https://app.mokahr.com/campus_apply/casit/36780（企业前缀 casit），source_type 升级为 official_ats_third_party_hosted / official_ats，is_official_source=true，status 由 needs_manual_review 升级为 active，并采集到 7 条明确标注成都的校招职位,https://app.mokahr.com/campus_apply/casit/36780｜https://casit.com.cn,2026-09-26,中,是
CD0084,成都中科信息股份有限公司,更新,source_type_code,unknown,official_ats_third_party_hosted,升级：V1.2 为 unknown/needs_manual_review（未定位到官网招聘栏目或 ATS），本轮找到企业专属 Moka 校招站 https://app.mokahr.com/campus_apply/casit/36780（企业前缀 casit），source_type 升级为 official_ats_third_party_hosted / official_ats，is_official_source=true，status 由 needs_manual_review 升级为 active，并采集到 7 条明确标注成都的校招职位,https://app.mokahr.com/campus_apply/casit/36780｜https://casit.com.cn,2026-09-26,中,是
CD0084,成都中科信息股份有限公司,更新,source_tier,official_announcement,official_ats,升级：V1.2 为 unknown/needs_manual_review（未定位到官网招聘栏目或 ATS），本轮找到企业专属 Moka 校招站 https://app.mokahr.com/campus_apply/casit/36780（企业前缀 casit），source_type 升级为 official_ats_third_party_hosted / official_ats，is_official_source=true，status 由 needs_manual_review 升级为 active，并采集到 7 条明确标注成都的校招职位,https://app.mokahr.com/campus_apply/casit/36780｜https://casit.com.cn,2026-09-26,中,是
CD0084,成都中科信息股份有限公司,更新,是否官方来源,否,是,升级：V1.2 为 unknown/needs_manual_review（未定位到官网招聘栏目或 ATS），本轮找到企业专属 Moka 校招站 https://app.mokahr.com/campus_apply/casit/36780（企业前缀 casit），source_type 升级为 official_ats_third_party_hosted / official_ats，is_official_source=true，status 由 needs_manual_review 升级为 active，并采集到 7 条明确标注成都的校招职位,https://app.mokahr.com/campus_apply/casit/36780｜https://casit.com.cn,2026-09-26,中,是
CD0084,成都中科信息股份有限公司,更新,status_code,needs_manual_review,active,升级：V1.2 为 unknown/needs_manual_review（未定位到官网招聘栏目或 ATS），本轮找到企业专属 Moka 校招站 https://app.mokahr.com/campus_apply/casit/36780（企业前缀 casit），source_type 升级为 official_ats_third_party_hosted / official_ats，is_official_source=true，status 由 needs_manual_review 升级为 active，并采集到 7 条明确标注成都的校招职位,https://app.mokahr.com/campus_apply/casit/36780｜https://casit.com.cn,2026-09-26,中,是
CD0084,成都中科信息股份有限公司,更新,verification_level,manual_review_required,direct_job_observed,升级：V1.2 为 unknown/needs_manual_review（未定位到官网招聘栏目或 ATS），本轮找到企业专属 Moka 校招站 https://app.mokahr.com/campus_apply/casit/36780（企业前缀 casit），source_type 升级为 official_ats_third_party_hosted / official_ats，is_official_source=true，status 由 needs_manual_review 升级为 active，并采集到 7 条明确标注成都的校招职位,https://app.mokahr.com/campus_apply/casit/36780｜https://casit.com.cn,2026-09-26,中,是
CD0084,成都中科信息股份有限公司,更新,record_category,manual_review,official_active,升级：V1.2 为 unknown/needs_manual_review（未定位到官网招聘栏目或 ATS），本轮找到企业专属 Moka 校招站 https://app.mokahr.com/campus_apply/casit/36780（企业前缀 casit），source_type 升级为 official_ats_third_party_hosted / official_ats，is_official_source=true，status 由 needs_manual_review 升级为 active，并采集到 7 条明确标注成都的校招职位,https://app.mokahr.com/campus_apply/casit/36780｜https://casit.com.cn,2026-09-26,中,是
CD0084,成都中科信息股份有限公司,更新,职位样本数,0,7,升级：V1.2 为 unknown/needs_manual_review（未定位到官网招聘栏目或 ATS），本轮找到企业专属 Moka 校招站 https://app.mokahr.com/campus_apply/casit/36780（企业前缀 casit），source_type 升级为 official_ats_third_party_hosted / official_ats，is_official_source=true，status 由 needs_manual_review 升级为 active，并采集到 7 条明确标注成都的校招职位,https://app.mokahr.com/campus_apply/casit/36780｜https://casit.com.cn,2026-09-26,中,是
CD0084,成都中科信息股份有限公司,更新,职位样本数,0,7,升级：V1.2 为 unknown/needs_manual_review（未定位到官网招聘栏目或 ATS），本轮找到企业专属 Moka 校招站 https://app.mokahr.com/campus_apply/casit/36780（企业前缀 casit），source_type 升级为 official_ats_third_party_hosted / official_ats，is_official_source=true，status 由 needs_manual_review 升级为 active，并采集到 7 条明确标注成都的校招职位,https://app.mokahr.com/campus_apply/casit/36780｜https://casit.com.cn,2026-09-26,中,是
CD0084,成都中科信息股份有限公司,更新,企业等级,C,A,升级：V1.2 为 unknown/needs_manual_review（未定位到官网招聘栏目或 ATS），本轮找到企业专属 Moka 校招站 https://app.mokahr.com/campus_apply/casit/36780（企业前缀 casit），source_type 升级为 official_ats_third_party_hosted / official_ats，is_official_source=true，status 由 needs_manual_review 升级为 active，并采集到 7 条明确标注成都的校招职位,https://app.mokahr.com/campus_apply/casit/36780｜https://casit.com.cn,2026-09-26,中,是
CD0086,成都明途科技有限公司,更新,公司官网,http://www.mingto.net,https://www.mingto.net,维持 needs_manual_review（V1.2 为 third_party_platform/needs_manual_review）。本轮实际访问官网 mingto.net 首页，导航为产品体系/六大核心技术/行业解决方案/客户/资质，无「加入我们/人才招聘」入口；developer.workbrain.cn 的「OPC启航营」为开发者社区招募（非企业招聘岗位），不作为入口,https://www.mingto.net｜https://developer.workbrain.cn/,2026-09-26,中,是
CD0086,成都明途科技有限公司,更新,source_type_code,third_party_platform,unknown,维持 needs_manual_review（V1.2 为 third_party_platform/needs_manual_review）。本轮实际访问官网 mingto.net 首页，导航为产品体系/六大核心技术/行业解决方案/客户/资质，无「加入我们/人才招聘」入口；developer.workbrain.cn 的「OPC启航营」为开发者社区招募（非企业招聘岗位），不作为入口,https://www.mingto.net｜https://developer.workbrain.cn/,2026-09-26,中,是
CD0086,成都明途科技有限公司,更新,含成都岗位,是,否,维持 needs_manual_review（V1.2 为 third_party_platform/needs_manual_review）。本轮实际访问官网 mingto.net 首页，导航为产品体系/六大核心技术/行业解决方案/客户/资质，无「加入我们/人才招聘」入口；developer.workbrain.cn 的「OPC启航营」为开发者社区招募（非企业招聘岗位），不作为入口,https://www.mingto.net｜https://developer.workbrain.cn/,2026-09-26,高,否
CD0088,成都华微电子科技股份有限公司,更新,公司官网,http://www.csmsc.com,https://www.csmsc.com,维持 needs_manual_review（V1.2 同为 third_party_platform/needs_manual_review）。本轮实际访问官网 csmsc.com 首页，抓取到的导航/板块（关于/产品展示/应用领域/新闻中心）未出现人才招聘栏目；尝试 job.csmsc.com 返回 403 Forbidden（tengine），无法确认是否为企业自有招聘站，故不写入入口。新增中国科学院大学（job.ucas.edu.cn）.edu.cn 官方招聘公告作为 official_announcement 证据,https://www.csmsc.com｜https://job.ucas.edu.cn/f/recruitmentFair/show?recruitmentFairId=47d7953889b04e36823f34b07658a5a5｜https://campus.51job.com/cdhw,2026-09-26,中,是
CD0088,成都华微电子科技股份有限公司,更新,含成都岗位,是,否,维持 needs_manual_review（V1.2 同为 third_party_platform/needs_manual_review）。本轮实际访问官网 csmsc.com 首页，抓取到的导航/板块（关于/产品展示/应用领域/新闻中心）未出现人才招聘栏目；尝试 job.csmsc.com 返回 403 Forbidden（tengine），无法确认是否为企业自有招聘站，故不写入入口。新增中国科学院大学（job.ucas.edu.cn）.edu.cn 官方招聘公告作为 official_announcement 证据,https://www.csmsc.com｜https://job.ucas.edu.cn/f/recruitmentFair/show?recruitmentFairId=47d7953889b04e36823f34b07658a5a5｜https://campus.51job.com/cdhw,2026-09-26,高,否
CD0088,成都华微电子科技股份有限公司,更新,verification_level,manual_review_required,source_evidence_only,维持 needs_manual_review（V1.2 同为 third_party_platform/needs_manual_review）。本轮实际访问官网 csmsc.com 首页，抓取到的导航/板块（关于/产品展示/应用领域/新闻中心）未出现人才招聘栏目；尝试 job.csmsc.com 返回 403 Forbidden（tengine），无法确认是否为企业自有招聘站，故不写入入口。新增中国科学院大学（job.ucas.edu.cn）.edu.cn 官方招聘公告作为 official_announcement 证据,https://www.csmsc.com｜https://job.ucas.edu.cn/f/recruitmentFair/show?recruitmentFairId=47d7953889b04e36823f34b07658a5a5｜https://campus.51job.com/cdhw,2026-09-26,中,是
CD0089,成都芯进电子股份有限公司,更新,公司官网,https://www.crosschipmicro.com,http://crosschipmicro.com,升级：V1.2 为 third_party_platform（入口=51job 企业页）/needs_manual_review，本轮在企业自有域名下找到官方招聘页 https://web.crosschipmicro.com/en/page/joinUs/joinUs.html?navIndex=2，source_type 升级为 official_careers_page / official_company，is_official_source=true；该页职位表为 JS 动态渲染，静态抓取仅得到表头（positions/quantity/education/Location）与联系方,https://web.crosschipmicro.com/en/page/joinUs/joinUs.html?navIndex=2｜http://crosschipmicro.com,2026-09-26,中,是
CD0089,成都芯进电子股份有限公司,更新,招聘入口URL,https://m.51job.com/search/codetail.php?coid=4139631,https://web.crosschipmicro.com/en/page/joinUs/joinUs.html?navIndex=2,升级：V1.2 为 third_party_platform（入口=51job 企业页）/needs_manual_review，本轮在企业自有域名下找到官方招聘页 https://web.crosschipmicro.com/en/page/joinUs/joinUs.html?navIndex=2，source_type 升级为 official_careers_page / official_company，is_official_source=true；该页职位表为 JS 动态渲染，静态抓取仅得到表头（positions/quantity/education/Location）与联系方,https://web.crosschipmicro.com/en/page/joinUs/joinUs.html?navIndex=2｜http://crosschipmicro.com,2026-09-26,中,是
CD0089,成都芯进电子股份有限公司,更新,source_type_code,third_party_platform,official_careers_page,升级：V1.2 为 third_party_platform（入口=51job 企业页）/needs_manual_review，本轮在企业自有域名下找到官方招聘页 https://web.crosschipmicro.com/en/page/joinUs/joinUs.html?navIndex=2，source_type 升级为 official_careers_page / official_company，is_official_source=true；该页职位表为 JS 动态渲染，静态抓取仅得到表头（positions/quantity/education/Location）与联系方,https://web.crosschipmicro.com/en/page/joinUs/joinUs.html?navIndex=2｜http://crosschipmicro.com,2026-09-26,中,是
CD0089,成都芯进电子股份有限公司,更新,source_tier,third_party_lead,official_company,升级：V1.2 为 third_party_platform（入口=51job 企业页）/needs_manual_review，本轮在企业自有域名下找到官方招聘页 https://web.crosschipmicro.com/en/page/joinUs/joinUs.html?navIndex=2，source_type 升级为 official_careers_page / official_company，is_official_source=true；该页职位表为 JS 动态渲染，静态抓取仅得到表头（positions/quantity/education/Location）与联系方,https://web.crosschipmicro.com/en/page/joinUs/joinUs.html?navIndex=2｜http://crosschipmicro.com,2026-09-26,中,是
CD0089,成都芯进电子股份有限公司,更新,是否官方来源,否,是,升级：V1.2 为 third_party_platform（入口=51job 企业页）/needs_manual_review，本轮在企业自有域名下找到官方招聘页 https://web.crosschipmicro.com/en/page/joinUs/joinUs.html?navIndex=2，source_type 升级为 official_careers_page / official_company，is_official_source=true；该页职位表为 JS 动态渲染，静态抓取仅得到表头（positions/quantity/education/Location）与联系方,https://web.crosschipmicro.com/en/page/joinUs/joinUs.html?navIndex=2｜http://crosschipmicro.com,2026-09-26,中,是
CD0089,成都芯进电子股份有限公司,更新,含成都岗位,是,否,升级：V1.2 为 third_party_platform（入口=51job 企业页）/needs_manual_review，本轮在企业自有域名下找到官方招聘页 https://web.crosschipmicro.com/en/page/joinUs/joinUs.html?navIndex=2，source_type 升级为 official_careers_page / official_company，is_official_source=true；该页职位表为 JS 动态渲染，静态抓取仅得到表头（positions/quantity/education/Location）与联系方,https://web.crosschipmicro.com/en/page/joinUs/joinUs.html?navIndex=2｜http://crosschipmicro.com,2026-09-26,高,否
CD0089,成都芯进电子股份有限公司,更新,verification_level,manual_review_required,source_evidence_only,升级：V1.2 为 third_party_platform（入口=51job 企业页）/needs_manual_review，本轮在企业自有域名下找到官方招聘页 https://web.crosschipmicro.com/en/page/joinUs/joinUs.html?navIndex=2，source_type 升级为 official_careers_page / official_company，is_official_source=true；该页职位表为 JS 动态渲染，静态抓取仅得到表头（positions/quantity/education/Location）与联系方,https://web.crosschipmicro.com/en/page/joinUs/joinUs.html?navIndex=2｜http://crosschipmicro.com,2026-09-26,中,是
CD0089,成都芯进电子股份有限公司,更新,企业等级,C,B,升级：V1.2 为 third_party_platform（入口=51job 企业页）/needs_manual_review，本轮在企业自有域名下找到官方招聘页 https://web.crosschipmicro.com/en/page/joinUs/joinUs.html?navIndex=2，source_type 升级为 official_careers_page / official_company，is_official_source=true；该页职位表为 JS 动态渲染，静态抓取仅得到表头（positions/quantity/education/Location）与联系方,https://web.crosschipmicro.com/en/page/joinUs/joinUs.html?navIndex=2｜http://crosschipmicro.com,2026-09-26,中,是
CD0090,成都华栖云科技有限公司,更新,公司官网,http://www.chinamcloud.com,https://www.chinamcloud.com,维持 needs_manual_review（与 V1.2 一致）。本轮实际访问 chinamcloud.com 首页（产品/方案/核心技术/客户案例/新闻与活动/免费套餐），导航与页脚无「加入我们/人才招聘/招贤纳士」，亦未发现企业专属 ATS,https://www.chinamcloud.com,2026-09-26,中,是
CD0090,成都华栖云科技有限公司,更新,source_type_code,third_party_platform,unknown,维持 needs_manual_review（与 V1.2 一致）。本轮实际访问 chinamcloud.com 首页（产品/方案/核心技术/客户案例/新闻与活动/免费套餐），导航与页脚无「加入我们/人才招聘/招贤纳士」，亦未发现企业专属 ATS,https://www.chinamcloud.com,2026-09-26,中,是
CD0090,成都华栖云科技有限公司,更新,含成都岗位,是,否,维持 needs_manual_review（与 V1.2 一致）。本轮实际访问 chinamcloud.com 首页（产品/方案/核心技术/客户案例/新闻与活动/免费套餐），导航与页脚无「加入我们/人才招聘/招贤纳士」，亦未发现企业专属 ATS,https://www.chinamcloud.com,2026-09-26,高,否
CD0102,成都哆可梦网络科技有限公司,更新,source_tier,search_evidence_only,third_party_lead,维持 needs_manual_review（V1.2 为 unknown/needs_manual_review）。本轮尝试直接访问官网 dkmol.com 抓取失败，检索亦未发现当前有效的官方招聘页或企业专属 ATS（可检索岗位多为历史信息与第三方面议岗位），故仍无官方入口,http://www.dkmol.com｜https://special.zhaopin.com/pagepublish/27867671/index.html,2026-09-26,中,是
CD0102,成都哆可梦网络科技有限公司,更新,含成都岗位,未知,否,维持 needs_manual_review（V1.2 为 unknown/needs_manual_review）。本轮尝试直接访问官网 dkmol.com 抓取失败，检索亦未发现当前有效的官方招聘页或企业专属 ATS（可检索岗位多为历史信息与第三方面议岗位），故仍无官方入口,http://www.dkmol.com｜https://special.zhaopin.com/pagepublish/27867671/index.html,2026-09-26,中,是
CD0103,成都天象互动科技股份有限公司,更新,source_tier,search_evidence_only,third_party_lead,维持 needs_manual_review（V1.2 为 unknown/needs_manual_review）。本轮尝试直接访问官网 skymoons.com 抓取失败，检索未发现官网独立招聘页或企业专属 ATS；仅见企业域名招聘邮箱 hr@skymoons.com（历史第三方披露），不构成招聘入口,http://www.skymoons.com,2026-09-26,中,是
CD0103,成都天象互动科技股份有限公司,更新,含成都岗位,未知,否,维持 needs_manual_review（V1.2 为 unknown/needs_manual_review）。本轮尝试直接访问官网 skymoons.com 抓取失败，检索未发现官网独立招聘页或企业专属 ATS；仅见企业域名招聘邮箱 hr@skymoons.com（历史第三方披露），不构成招聘入口,http://www.skymoons.com,2026-09-26,中,是
CD0104,成都朋万科技股份有限公司,更新,source_tier,search_evidence_only,third_party_lead,维持 needs_manual_review（V1.2 为 unknown/needs_manual_review）。本轮尝试直接访问官网 pw19.com 抓取失败，检索未发现独立招聘页或 ATS；仅见历史招聘邮箱 hr@pw19.com / cdpwkj@163.com（第三方披露），不构成招聘入口,http://www.pw19.com｜https://xueqiu.com/S/NQ836011/detail,2026-09-26,中,是
CD0104,成都朋万科技股份有限公司,更新,含成都岗位,未知,否,维持 needs_manual_review（V1.2 为 unknown/needs_manual_review）。本轮尝试直接访问官网 pw19.com 抓取失败，检索未发现独立招聘页或 ATS；仅见历史招聘邮箱 hr@pw19.com / cdpwkj@163.com（第三方披露），不构成招聘入口,http://www.pw19.com｜https://xueqiu.com/S/NQ836011/detail,2026-09-26,中,是
CD0107,成都天奥电子股份有限公司,更新,公司官网,https://www.elecspn.com,https://www.tianaodz.com,维持 needs_manual_review（V1.2 同为 third_party_platform/needs_manual_review，入口同为 campus.51job.com/elecspn）。本轮两次尝试直接访问官网 tianaodz.com 均抓取失败（website_verified=否），未能确认官网是否新增招聘栏目；新增 2027 届校招官方公告证据（24365 智慧就业平台、贵州财经大学就业网、应届生求职网宣讲会 2026-10-15 成都理工），成都工作地明确,https://24365.cq.smartedu.cn/job/view/id/1410064/from_type/3/from_id/132733｜https://job.gufe.edu.cn/detail/online?id=3597502&menu_id=11646｜http://campus.51job.com/elecspn,2026-09-26,中,是
CD0107,成都天奥电子股份有限公司,更新,含成都岗位,是,否,维持 needs_manual_review（V1.2 同为 third_party_platform/needs_manual_review，入口同为 campus.51job.com/elecspn）。本轮两次尝试直接访问官网 tianaodz.com 均抓取失败（website_verified=否），未能确认官网是否新增招聘栏目；新增 2027 届校招官方公告证据（24365 智慧就业平台、贵州财经大学就业网、应届生求职网宣讲会 2026-10-15 成都理工），成都工作地明确,https://24365.cq.smartedu.cn/job/view/id/1410064/from_type/3/from_id/132733｜https://job.gufe.edu.cn/detail/online?id=3597502&menu_id=11646｜http://campus.51job.com/elecspn,2026-09-26,高,否
CD0107,成都天奥电子股份有限公司,更新,verification_level,manual_review_required,source_evidence_only,维持 needs_manual_review（V1.2 同为 third_party_platform/needs_manual_review，入口同为 campus.51job.com/elecspn）。本轮两次尝试直接访问官网 tianaodz.com 均抓取失败（website_verified=否），未能确认官网是否新增招聘栏目；新增 2027 届校招官方公告证据（24365 智慧就业平台、贵州财经大学就业网、应届生求职网宣讲会 2026-10-15 成都理工），成都工作地明确,https://24365.cq.smartedu.cn/job/view/id/1410064/from_type/3/from_id/132733｜https://job.gufe.edu.cn/detail/online?id=3597502&menu_id=11646｜http://campus.51job.com/elecspn,2026-09-26,中,是
CD0108,成都雷电微力科技股份有限公司,更新,公司官网,http://www.rml138.com,http://www.rml138.com/,维持 needs_manual_review（V1.2 为 unknown/needs_manual_review）。本轮仍未在官网发现招聘栏目或 ATS，官网本次未直接访问（website_verified=否）；新增 .edu.cn 官方招聘公告（公布时间 2026-09-19，9 个岗位，成都双流通讯地址）作为 official_announcement 证据，但因岗位详情页在高校站点、无法回到企业侧页面，不计入正式职位,https://jyzx.scut.edu.cn/zpxq/list.htm?id=484192｜https://clxy.swust.edu.cn/2022/1027/c9768a169135/page.htm,2026-09-26,中,是
CD0108,成都雷电微力科技股份有限公司,更新,招聘入口URL,（空）,https://jyzx.scut.edu.cn/zpxq/list.htm?id=484192,维持 needs_manual_review（V1.2 为 unknown/needs_manual_review）。本轮仍未在官网发现招聘栏目或 ATS，官网本次未直接访问（website_verified=否）；新增 .edu.cn 官方招聘公告（公布时间 2026-09-19，9 个岗位，成都双流通讯地址）作为 official_announcement 证据，但因岗位详情页在高校站点、无法回到企业侧页面，不计入正式职位,https://jyzx.scut.edu.cn/zpxq/list.htm?id=484192｜https://clxy.swust.edu.cn/2022/1027/c9768a169135/page.htm,2026-09-26,中,是
CD0108,成都雷电微力科技股份有限公司,更新,含成都岗位,是,否,维持 needs_manual_review（V1.2 为 unknown/needs_manual_review）。本轮仍未在官网发现招聘栏目或 ATS，官网本次未直接访问（website_verified=否）；新增 .edu.cn 官方招聘公告（公布时间 2026-09-19，9 个岗位，成都双流通讯地址）作为 official_announcement 证据，但因岗位详情页在高校站点、无法回到企业侧页面，不计入正式职位,https://jyzx.scut.edu.cn/zpxq/list.htm?id=484192｜https://clxy.swust.edu.cn/2022/1027/c9768a169135/page.htm,2026-09-26,高,否
CD0108,成都雷电微力科技股份有限公司,更新,verification_level,manual_review_required,source_evidence_only,维持 needs_manual_review（V1.2 为 unknown/needs_manual_review）。本轮仍未在官网发现招聘栏目或 ATS，官网本次未直接访问（website_verified=否）；新增 .edu.cn 官方招聘公告（公布时间 2026-09-19，9 个岗位，成都双流通讯地址）作为 official_announcement 证据，但因岗位详情页在高校站点、无法回到企业侧页面，不计入正式职位,https://jyzx.scut.edu.cn/zpxq/list.htm?id=484192｜https://clxy.swust.edu.cn/2022/1027/c9768a169135/page.htm,2026-09-26,中,是
CD0111,成都国星宇航科技股份有限公司,更新,招聘入口URL,（空）,https://career.sysu.edu.cn/campus/view/id/996906,维持 needs_manual_review（V1.2 同为 unknown/needs_manual_review）。本轮尝试直接访问官网 adaspace.com 抓取失败，未能确认官网是否设招聘栏目；新增中山大学就业网（career.sysu.edu.cn）发布的 2027 校招官方公告作为 official_announcement 证据，投递渠道为企业域名邮箱 hr@adaspace.com。因公告未写明岗位工作城市、且详情无法回到企业侧页面，has_chengdu_jobs 记 false，不计入正式职位,https://career.sysu.edu.cn/campus/view/id/996906｜https://www.adaspace.com,2026-09-26,中,是
CD0111,成都国星宇航科技股份有限公司,更新,含成都岗位,是,否,维持 needs_manual_review（V1.2 同为 unknown/needs_manual_review）。本轮尝试直接访问官网 adaspace.com 抓取失败，未能确认官网是否设招聘栏目；新增中山大学就业网（career.sysu.edu.cn）发布的 2027 校招官方公告作为 official_announcement 证据，投递渠道为企业域名邮箱 hr@adaspace.com。因公告未写明岗位工作城市、且详情无法回到企业侧页面，has_chengdu_jobs 记 false，不计入正式职位,https://career.sysu.edu.cn/campus/view/id/996906｜https://www.adaspace.com,2026-09-26,高,否
CD0111,成都国星宇航科技股份有限公司,更新,verification_level,manual_review_required,source_evidence_only,维持 needs_manual_review（V1.2 同为 unknown/needs_manual_review）。本轮尝试直接访问官网 adaspace.com 抓取失败，未能确认官网是否设招聘栏目；新增中山大学就业网（career.sysu.edu.cn）发布的 2027 校招官方公告作为 official_announcement 证据，投递渠道为企业域名邮箱 hr@adaspace.com。因公告未写明岗位工作城市、且详情无法回到企业侧页面，has_chengdu_jobs 记 false，不计入正式职位,https://career.sysu.edu.cn/campus/view/id/996906｜https://www.adaspace.com,2026-09-26,中,是
CD0116,成都大公博创信息技术有限公司,更新,公司官网,https://www.dgbc.net.cn,https://dgbc.net.cn,维持 needs_manual_review（V1.2 为 third_party_platform/needs_manual_review，入口=智联企业页）。本轮首次确认企业官网域名为 https://dgbc.net.cn（V1.2 官网字段为空/未确认），但官网首页确无「人才招聘/加入我们」栏目，故仍未升级为官方入口；入口字段置空，第三方链接转入 leads,https://dgbc.net.cn｜https://www.zhaopin.com/companydetail/CZ638939220,2026-09-26,中,是
CD0116,成都大公博创信息技术有限公司,更新,招聘入口URL,https://www.zhaopin.com/companydetail/CZ638939220,（空）,维持 needs_manual_review（V1.2 为 third_party_platform/needs_manual_review，入口=智联企业页）。本轮首次确认企业官网域名为 https://dgbc.net.cn（V1.2 官网字段为空/未确认），但官网首页确无「人才招聘/加入我们」栏目，故仍未升级为官方入口；入口字段置空，第三方链接转入 leads,https://dgbc.net.cn｜https://www.zhaopin.com/companydetail/CZ638939220,2026-09-26,高,否
CD0116,成都大公博创信息技术有限公司,更新,source_type_code,third_party_platform,unknown,维持 needs_manual_review（V1.2 为 third_party_platform/needs_manual_review，入口=智联企业页）。本轮首次确认企业官网域名为 https://dgbc.net.cn（V1.2 官网字段为空/未确认），但官网首页确无「人才招聘/加入我们」栏目，故仍未升级为官方入口；入口字段置空，第三方链接转入 leads,https://dgbc.net.cn｜https://www.zhaopin.com/companydetail/CZ638939220,2026-09-26,中,是
CD0116,成都大公博创信息技术有限公司,更新,含成都岗位,是,否,维持 needs_manual_review（V1.2 为 third_party_platform/needs_manual_review，入口=智联企业页）。本轮首次确认企业官网域名为 https://dgbc.net.cn（V1.2 官网字段为空/未确认），但官网首页确无「人才招聘/加入我们」栏目，故仍未升级为官方入口；入口字段置空，第三方链接转入 leads,https://dgbc.net.cn｜https://www.zhaopin.com/companydetail/CZ638939220,2026-09-26,高,否
CD0116,成都大公博创信息技术有限公司,更新,当前职位数量,25,（空）,维持 needs_manual_review（V1.2 为 third_party_platform/needs_manual_review，入口=智联企业页）。本轮首次确认企业官网域名为 https://dgbc.net.cn（V1.2 官网字段为空/未确认），但官网首页确无「人才招聘/加入我们」栏目，故仍未升级为官方入口；入口字段置空，第三方链接转入 leads,https://dgbc.net.cn｜https://www.zhaopin.com/companydetail/CZ638939220,2026-09-26,高,否
