job_key,company_id,序号,公司名称,是否匹配企业池,企业等级,所属行业,职位名称,工作地,location_text,province,city,district,location_cities,location_confidence,职能类别,招聘类型,发布日期,url_type,is_direct_detail,detail_url_confidence,职位详情URL,来源招聘入口,是否官方来源,official_source,验证日期,备注
CD0040:7667113601964329221,CD0040,1,北京字节跳动科技有限公司成都分公司,是,A,软件与互联网服务,AI全栈开发工程师 - 抖音平台产品,成都,成都,四川省,成都市,,成都,confirmed,研发,校园招聘,,direct_detail,是,high,https://jobs.bytedance.com/campus/position/7667113601964329221/detail,https://jobs.bytedance.com/campus/position?keywords=成都,是,true,2026-09-26,
CD0040:7666319253851441461,CD0040,2,北京字节跳动科技有限公司成都分公司,是,A,软件与互联网服务,数据库开发工程师 - AI算力基础设施,成都,成都,四川省,成都市,,成都,confirmed,研发,校园招聘,,direct_detail,是,high,https://jobs.bytedance.com/campus/position/7666319253851441461/detail,https://jobs.bytedance.com/campus/position?keywords=成都,是,true,2026-09-26,
CD0040:7683446298945210629,CD0040,3,北京字节跳动科技有限公司成都分公司,是,A,软件与互联网服务,模型搜索专项运营 - AI数据与安全,成都,成都,四川省,成都市,,成都,confirmed,运营,校园招聘,,direct_detail,是,high,https://jobs.bytedance.com/campus/position/7683446298945210629/detail,https://jobs.bytedance.com/campus/position?keywords=成都,是,true,2026-09-26,
CD0040:7683445224186775861,CD0040,4,北京字节跳动科技有限公司成都分公司,是,A,软件与互联网服务,模型搜索资源引入专项运营 - AI数据与安全,成都,成都,四川省,成都市,,成都,confirmed,运营,校园招聘,,direct_detail,是,high,https://jobs.bytedance.com/campus/position/7683445224186775861/detail,https://jobs.bytedance.com/campus/position?keywords=成都,是,true,2026-09-26,
CD0040:7665291531588258053,CD0040,5,北京字节跳动科技有限公司成都分公司,是,A,软件与互联网服务,模型运营（广告方向） - 内容质量与数据服务平台,成都,成都,四川省,成都市,,成都,confirmed,运营,校园招聘,,direct_detail,是,high,https://jobs.bytedance.com/campus/position/7665291531588258053/detail,https://jobs.bytedance.com/campus/position?keywords=成都,是,true,2026-09-26,
CD0038|北京三快在线科技有限公司成都分公司|安全事务经理|成都市,CD0038,6,北京三快在线科技有限公司成都分公司,是,A,软件与互联网服务,安全事务经理,成都市,成都市,四川省,成都市,,成都,confirmed,职能支持,社会招聘,2026-09-26,listing_page,否,low,https://zhaopin.meituan.com/web/social?cityList=001027001,https://zhaopin.meituan.com/web/social?cityList=001027001,是,true,2026-09-26,
CD0038|北京三快在线科技有限公司成都分公司|美团充电宝直营-城市经理-中西-（base地多城可选）|成都市,CD0038,7,北京三快在线科技有限公司成都分公司,是,A,软件与互联网服务,美团充电宝直营-城市经理-中西-（base地多城可选）,成都市,成都市,四川省,成都市,,成都,confirmed,销售,社会招聘,2026-09-26,listing_page,否,low,https://zhaopin.meituan.com/web/social?cityList=001027001,https://zhaopin.meituan.com/web/social?cityList=001027001,是,true,2026-09-26,
CD0038|北京三快在线科技有限公司成都分公司|履约业务HRBP|成都市,CD0038,8,北京三快在线科技有限公司成都分公司,是,A,软件与互联网服务,履约业务HRBP,成都市,成都市,四川省,成都市,,成都,confirmed,职能支持,社会招聘,2026-09-25,listing_page,否,low,https://zhaopin.meituan.com/web/social?cityList=001027001,https://zhaopin.meituan.com/web/social?cityList=001027001,是,true,2026-09-26,
CD0038|北京三快在线科技有限公司成都分公司|充电宝大客户经理-商场休娱组（大型商场方向）|成都市,CD0038,9,北京三快在线科技有限公司成都分公司,是,A,软件与互联网服务,充电宝大客户经理-商场休娱组（大型商场方向）,成都市,成都市,四川省,成都市,,成都,confirmed,销售,社会招聘,2026-09-24,listing_page,否,low,https://zhaopin.meituan.com/web/social?cityList=001027001,https://zhaopin.meituan.com/web/social?cityList=001027001,是,true,2026-09-26,
CD0038|北京三快在线科技有限公司成都分公司|医疗服务业务部/口腔全国销售中心/口腔CBD区域|成都市,CD0038,10,北京三快在线科技有限公司成都分公司,是,A,软件与互联网服务,医疗服务业务部/口腔全国销售中心/口腔CBD区域,成都市,成都市,四川省,成都市,,成都,confirmed,销售,社会招聘,2026-09-20,listing_page,否,low,https://zhaopin.meituan.com/web/social?cityList=001027001,https://zhaopin.meituan.com/web/social?cityList=001027001,是,true,2026-09-26,
"CD0010|英特尔产品（成都）有限公司|Foundry Program Manager, Service Operations and Program Management|成都市",CD0010,11,英特尔产品（成都）有限公司,是,A,半导体与集成电路,"Foundry Program Manager, Service Operations and Program Management",四川省成都市高新区,四川省成都市高新区,四川省,成都市,高新区,成都,confirmed,研发,未知,2026-09-17,listing_page,否,low,https://chinacampus.jobs.intel.cn/intel/position/index,https://chinacampus.jobs.intel.cn/intel/position/index,是,true,2026-09-26,
CD0010|英特尔产品（成都）有限公司|Industry Engineer|成都市,CD0010,12,英特尔产品（成都）有限公司,是,A,半导体与集成电路,Industry Engineer,四川省成都市,四川省成都市,四川省,成都市,,成都,confirmed,生产制造,未知,2026-09-24,listing_page,否,low,https://chinacampus.jobs.intel.cn/intel/position/index,https://chinacampus.jobs.intel.cn/intel/position/index,是,true,2026-09-26,
CD0010|英特尔产品（成都）有限公司|Site Service Specialist|成都市,CD0010,13,英特尔产品（成都）有限公司,是,A,半导体与集成电路,Site Service Specialist,四川省成都市,四川省成都市,四川省,成都市,,成都,confirmed,职能支持,未知,2026-07-07,listing_page,否,low,https://chinacampus.jobs.intel.cn/intel/position/index,https://chinacampus.jobs.intel.cn/intel/position/index,是,true,2026-09-26,
CD0010|英特尔产品（成都）有限公司|Operations Research Engineer Intern|成都市,CD0010,14,英特尔产品（成都）有限公司,是,A,半导体与集成电路,Operations Research Engineer Intern,四川省成都市,四川省成都市,四川省,成都市,,成都,confirmed,职能支持,实习,2026-09-10,listing_page,否,low,https://chinacampus.jobs.intel.cn/intel/position/index,https://chinacampus.jobs.intel.cn/intel/position/index,是,true,2026-09-26,
CD0010|英特尔产品（成都）有限公司|AI/ML Software App Development Intern|成都市,CD0010,15,英特尔产品（成都）有限公司,是,A,半导体与集成电路,AI/ML Software App Development Intern,四川省成都市,四川省成都市,四川省,成都市,,成都,confirmed,生产制造,实习,2026-09-07,listing_page,否,low,https://chinacampus.jobs.intel.cn/intel/position/index,https://chinacampus.jobs.intel.cn/intel/position/index,是,true,2026-09-26,
CD0035|鸿富锦精密电子（成都）有限公司|组装|成都市,CD0035,16,鸿富锦精密电子（成都）有限公司,是,A,电子信息制造,组装,成都,成都,四川省,成都市,,成都,confirmed,生产制造,社会招聘,,company_careers_home,否,low,https://www.51pin.foxconn.com/,https://www.51pin.foxconn.com/,是,true,2026-09-26,
CD0035|鸿富锦精密电子（成都）有限公司|测试|成都市,CD0035,17,鸿富锦精密电子（成都）有限公司,是,A,电子信息制造,测试,成都,成都,四川省,成都市,,成都,confirmed,生产制造,社会招聘,,company_careers_home,否,low,https://www.51pin.foxconn.com/,https://www.51pin.foxconn.com/,是,true,2026-09-26,
CD0035|鸿富锦精密电子（成都）有限公司|维修|成都市,CD0035,18,鸿富锦精密电子（成都）有限公司,是,A,电子信息制造,维修,成都,成都,四川省,成都市,,成都,confirmed,生产制造,社会招聘,,company_careers_home,否,low,https://www.51pin.foxconn.com/,https://www.51pin.foxconn.com/,是,true,2026-09-26,
CD0035|鸿富锦精密电子（成都）有限公司|品管|成都市,CD0035,19,鸿富锦精密电子（成都）有限公司,是,A,电子信息制造,品管,成都,成都,四川省,成都市,,成都,confirmed,生产制造,社会招聘,,company_careers_home,否,low,https://www.51pin.foxconn.com/,https://www.51pin.foxconn.com/,是,true,2026-09-26,
CD0035|鸿富锦精密电子（成都）有限公司|仓管|成都市,CD0035,20,鸿富锦精密电子（成都）有限公司,是,A,电子信息制造,仓管,成都,成都,四川省,成都市,,成都,confirmed,供应链,社会招聘,,company_careers_home,否,low,https://www.51pin.foxconn.com/,https://www.51pin.foxconn.com/,是,true,2026-09-26,
CD0028|成都海创药业股份有限公司|医学联络官MSL|成都市,CD0028,21,成都海创药业股份有限公司,是,A,生物医药,医学联络官MSL,成都,成都,四川省,成都市,,成都,confirmed,其他,社会招聘,2026-08-04,listing_page,否,low,https://www.hinovapharma.com/recruit/index.html,https://www.hinovapharma.com/recruit/index.html,是,true,2026-09-26,
CD0028|成都海创药业股份有限公司|审计经理|成都市,CD0028,22,成都海创药业股份有限公司,是,A,生物医药,审计经理,成都,成都,四川省,成都市,,成都,confirmed,职能支持,社会招聘,2026-08-03,listing_page,否,low,https://www.hinovapharma.com/recruit/index.html,https://www.hinovapharma.com/recruit/index.html,是,true,2026-09-26,
CD0028|成都海创药业股份有限公司|生物副研究员|成都市,CD0028,23,成都海创药业股份有限公司,是,A,生物医药,生物副研究员,成都,成都,四川省,成都市,,成都,confirmed,研发,社会招聘,2026-08-03,listing_page,否,low,https://www.hinovapharma.com/recruit/index.html,https://www.hinovapharma.com/recruit/index.html,是,true,2026-09-26,
CD0028|成都海创药业股份有限公司|药代毒理总监|成都市,CD0028,24,成都海创药业股份有限公司,是,A,生物医药,药代毒理总监,成都,成都,四川省,成都市,,成都,confirmed,研发,社会招聘,2026-04-21,listing_page,否,low,https://www.hinovapharma.com/recruit/index.html,https://www.hinovapharma.com/recruit/index.html,是,true,2026-09-26,
CD0028|成都海创药业股份有限公司|药物化学博士研究员|成都市,CD0028,25,成都海创药业股份有限公司,是,A,生物医药,药物化学博士研究员,成都(推定),成都(推定),四川省,成都市,,成都,inferred,研发,社会招聘,2026-04-21,listing_page,否,low,https://www.hinovapharma.com/recruit/index.html,https://www.hinovapharma.com/recruit/index.html,是,true,2026-09-26,该条页面未单独标注城市，公司招聘页其余岗位均标注成都
CD0027|成都欧林生物科技股份有限公司|R&D Project Lead|成都市,CD0027,26,成都欧林生物科技股份有限公司,是,A,生物医药,R&D Project Lead,成都(推定),成都(推定),四川省,成都市,,成都,inferred,研发,社会招聘,,listing_page,否,low,https://www.olymvax.com/talent.aspx?t=24,https://www.olymvax.com/talent.aspx?t=24,是,true,2026-09-26,
CD0027|成都欧林生物科技股份有限公司|助理技术员（质量研究）|成都市,CD0027,27,成都欧林生物科技股份有限公司,是,A,生物医药,助理技术员（质量研究）,成都(推定),成都(推定),四川省,成都市,,成都,inferred,研发,社会招聘,,listing_page,否,low,https://www.olymvax.com/talent.aspx?t=24,https://www.olymvax.com/talent.aspx?t=24,是,true,2026-09-26,
CD0027|成都欧林生物科技股份有限公司|助理技术员（纯化）|成都市,CD0027,28,成都欧林生物科技股份有限公司,是,A,生物医药,助理技术员（纯化）,成都(推定),成都(推定),四川省,成都市,,成都,inferred,研发,社会招聘,,listing_page,否,low,https://www.olymvax.com/talent.aspx?t=24,https://www.olymvax.com/talent.aspx?t=24,是,true,2026-09-26,
CD0027|成都欧林生物科技股份有限公司|助理技术员（发酵）|成都市,CD0027,29,成都欧林生物科技股份有限公司,是,A,生物医药,助理技术员（发酵）,成都(推定),成都(推定),四川省,成都市,,成都,inferred,研发,社会招聘,,listing_page,否,low,https://www.olymvax.com/talent.aspx?t=24,https://www.olymvax.com/talent.aspx?t=24,是,true,2026-09-26,
CD0027|成都欧林生物科技股份有限公司|质量技术员|成都市,CD0027,30,成都欧林生物科技股份有限公司,是,A,生物医药,质量技术员,成都(推定),成都(推定),四川省,成都市,,成都,inferred,研发,社会招聘,,listing_page,否,low,https://www.olymvax.com/talent.aspx?t=24,https://www.olymvax.com/talent.aspx?t=24,是,true,2026-09-26,
CD0029:255,CD0029,31,成都迪康药业股份有限公司,是,A,生物医药,设备部经理,成都,成都,四川省,成都市,,成都,confirmed,生产制造,社会招聘,2026-06-05,direct_detail,是,medium,https://www.dikangyaoye.com/Fjob/show?job_id=255&catid=63,https://www.dikangyaoye.com/shehuizhaopin,是,true,2026-09-26,
CD0029:254,CD0029,32,成都迪康药业股份有限公司,是,A,生物医药,电商经理,成都,成都,四川省,成都市,,成都,confirmed,销售,社会招聘,2026-06-05,direct_detail,是,medium,https://www.dikangyaoye.com/Fjob/show?job_id=254&catid=63,https://www.dikangyaoye.com/shehuizhaopin,是,true,2026-09-26,
CD0029:246,CD0029,33,成都迪康药业股份有限公司,是,A,生物医药,财务分析师,成都,成都,四川省,成都市,,成都,confirmed,职能支持,社会招聘,2026-03-09,direct_detail,是,medium,https://www.dikangyaoye.com/Fjob/show?job_id=246&catid=63,https://www.dikangyaoye.com/shehuizhaopin,是,true,2026-09-26,
CD0029:245,CD0029,34,成都迪康药业股份有限公司,是,A,生物医药,高级品牌经理,成都,成都,四川省,成都市,,成都,confirmed,市场,社会招聘,2026-03-09,direct_detail,是,medium,https://www.dikangyaoye.com/Fjob/show?job_id=245&catid=63,https://www.dikangyaoye.com/shehuizhaopin,是,true,2026-09-26,
CD0029:243,CD0029,35,成都迪康药业股份有限公司,是,A,生物医药,产品组经理,成都,成都,四川省,成都市,,成都,confirmed,市场,社会招聘,2026-03-09,direct_detail,是,medium,https://www.dikangyaoye.com/Fjob/show?job_id=243&catid=63,https://www.dikangyaoye.com/shehuizhaopin,是,true,2026-09-26,
CD0005|成都迈克生物股份有限公司|机械结构工程师(J11944)|成都市,CD0005,36,成都迈克生物股份有限公司,是,A,医疗器械,机械结构工程师(J11944),四川省成都市,四川省成都市,四川省,成都市,,成都,confirmed,研发,社会招聘,2026-09-22,listing_page,否,low,https://maccura.zhiye.com/jobs,https://maccura.zhiye.com/jobs,是,true,2026-09-26,
CD0005|成都迈克生物股份有限公司|算法工程师（大模型应用方向）(J11777)|成都市,CD0005,37,成都迈克生物股份有限公司,是,A,医疗器械,算法工程师（大模型应用方向）(J11777),四川省成都市,四川省成都市,四川省,成都市,,成都,confirmed,算法,社会招聘,2026-09-21,listing_page,否,low,https://maccura.zhiye.com/jobs,https://maccura.zhiye.com/jobs,是,true,2026-09-26,
CD0005|成都迈克生物股份有限公司|产品经理（临检方向）(J11943)|成都市,CD0005,38,成都迈克生物股份有限公司,是,A,医疗器械,产品经理（临检方向）(J11943),四川省成都市,四川省成都市,四川省,成都市,,成都,confirmed,产品,社会招聘,2026-09-20,listing_page,否,low,https://maccura.zhiye.com/jobs,https://maccura.zhiye.com/jobs,是,true,2026-09-26,
CD0005|成都迈克生物股份有限公司|光学工程师(J11941)|成都市,CD0005,39,成都迈克生物股份有限公司,是,A,医疗器械,光学工程师(J11941),四川省成都市,四川省成都市,四川省,成都市,,成都,confirmed,研发,社会招聘,2026-09-17,listing_page,否,low,https://maccura.zhiye.com/jobs,https://maccura.zhiye.com/jobs,是,true,2026-09-26,
CD0005|成都迈克生物股份有限公司|制造工程师（化学方向）(J11925)|成都市,CD0005,40,成都迈克生物股份有限公司,是,A,医疗器械,制造工程师（化学方向）(J11925),四川省成都市,四川省成都市,四川省,成都市,,成都,confirmed,生产制造,社会招聘,2026-09-01,listing_page,否,low,https://maccura.zhiye.com/jobs,https://maccura.zhiye.com/jobs,是,true,2026-09-26,
CD0024:230939214,CD0024,41,四川科伦药业股份有限公司（成都）,是,A,生物医药,科伦药业-集团质量副总裁(J13460),四川省成都市,四川省成都市,四川省,成都市,,成都,confirmed,生产制造,社会招聘,,direct_detail,是,high,https://kelun.zhiye.com/job_show/230939214,https://kelun.zhiye.com/social/,是,true,2026-09-26,
CD0024:230943521,CD0024,42,四川科伦药业股份有限公司（成都）,是,A,生物医药,新开元-体系QA(J13520),四川省成都市,四川省成都市,四川省,成都市,,成都,confirmed,生产制造,社会招聘,,direct_detail,是,high,https://kelun.zhiye.com/job_show/230943521,https://kelun.zhiye.com/social/,是,true,2026-09-26,
CD0024:230943069,CD0024,43,四川科伦药业股份有限公司（成都）,是,A,生物医药,科伦研究院-药物化学科学家(J13501),四川省成都市,四川省成都市,四川省,成都市,,成都,confirmed,研发,社会招聘,,direct_detail,是,high,https://kelun.zhiye.com/job_show/230943069,https://kelun.zhiye.com/social/,是,true,2026-09-26,
CD0024:230943303,CD0024,44,四川科伦药业股份有限公司（成都）,是,A,生物医药,科伦博泰-药效研究助理科学家/科学家(J13516),四川省成都市,四川省成都市,四川省,成都市,,成都,confirmed,研发,社会招聘,,direct_detail,是,high,https://kelun.zhiye.com/job_show/230943303,https://kelun.zhiye.com/social/,是,true,2026-09-26,
CD0023:230943304,CD0023,45,四川科伦博泰生物医药股份有限公司,是,A,生物医药,科伦博泰-药效研究助理科学家/科学家(J13516),四川省成都市,四川省成都市,四川省,成都市,,成都,confirmed,研发,社会招聘,2026-09-20,direct_detail,是,high,https://kelunbotai.zhiye.com/zpdetail/230943304,https://kelunbotai.zhiye.com/social/,是,true,2026-09-26,
CD0023:230926854,CD0023,46,四川科伦博泰生物医药股份有限公司,是,A,生物医药,科伦博泰-毒理研究科学家(J13413),四川省成都市,四川省成都市,四川省,成都市,,成都,confirmed,研发,社会招聘,2026-08-07,direct_detail,是,high,https://kelunbotai.zhiye.com/zpdetail/230926854,https://kelunbotai.zhiye.com/social/,是,true,2026-09-26,
CD0023:230914698,CD0023,47,四川科伦博泰生物医药股份有限公司,是,A,生物医药,科伦博泰-合规专员（成都）(J13350),四川省成都市,四川省成都市,四川省,成都市,,成都,confirmed,职能支持,社会招聘,2026-06-24,direct_detail,是,high,https://kelunbotai.zhiye.com/zpdetail/230914698,https://kelunbotai.zhiye.com/social/,是,true,2026-09-26,
CD0023:230904233,CD0023,48,四川科伦博泰生物医药股份有限公司,是,A,生物医药,科伦博泰-（高级）招聘经理(J13232),四川省成都市,四川省成都市,四川省,成都市,,成都,confirmed,职能支持,社会招聘,2026-05-14,direct_detail,是,high,https://kelunbotai.zhiye.com/zpdetail/230904233,https://kelunbotai.zhiye.com/social/,是,true,2026-09-26,
CD0023:230901690,CD0023,49,四川科伦博泰生物医药股份有限公司,是,A,生物医药,科伦博泰-临床试验助理(CTA）(J10125),四川省成都市,四川省成都市,四川省,成都市,,成都,confirmed,研发,社会招聘,2026-05-07,direct_detail,是,high,https://kelunbotai.zhiye.com/zpdetail/230901690,https://kelunbotai.zhiye.com/social/,是,true,2026-09-26,
CD0025|成都倍特药业股份有限公司|人力信息主管（HRIS）(J13405)|成都市,CD0025,50,成都倍特药业股份有限公司,是,A,生物医药,人力信息主管（HRIS）(J13405),四川省成都市双流区,四川省成都市双流区,四川省,成都市,双流区,成都,confirmed,职能支持,社会招聘,2026-09-24,listing_page,否,low,https://btyy.zhiye.com/social/jobs,https://btyy.zhiye.com/social/jobs,是,true,2026-09-26,
CD0025|成都倍特药业股份有限公司|采购主管(J13418)|成都市,CD0025,51,成都倍特药业股份有限公司,是,A,生物医药,采购主管(J13418),四川省成都市双流区,四川省成都市双流区,四川省,成都市,双流区,成都,confirmed,供应链,社会招聘,2026-09-24,listing_page,否,low,https://btyy.zhiye.com/social/jobs,https://btyy.zhiye.com/social/jobs,是,true,2026-09-26,
CD0025|成都倍特药业股份有限公司|发酵车间主任(J13417)|成都市,CD0025,52,成都倍特药业股份有限公司,是,A,生物医药,发酵车间主任(J13417),四川省成都市双流区,四川省成都市双流区,四川省,成都市,双流区,成都,confirmed,生产制造,社会招聘,2026-09-24,listing_page,否,low,https://btyy.zhiye.com/social/jobs,https://btyy.zhiye.com/social/jobs,是,true,2026-09-26,
CD0025|成都倍特药业股份有限公司|人力资源主管(J13391)|成都市,CD0025,53,成都倍特药业股份有限公司,是,A,生物医药,人力资源主管(J13391),四川省成都市,四川省成都市,四川省,成都市,,成都,confirmed,职能支持,社会招聘,2026-07-17,listing_page,否,low,https://btyy.zhiye.com/social/jobs,https://btyy.zhiye.com/social/jobs,是,true,2026-09-26,
CD0025|成都倍特药业股份有限公司|成本会计(J13363)|成都市,CD0025,54,成都倍特药业股份有限公司,是,A,生物医药,成本会计(J13363),四川省成都市,四川省成都市,四川省,成都市,,成都,confirmed,职能支持,社会招聘,2026-06-10,listing_page,否,low,https://btyy.zhiye.com/social/jobs,https://btyy.zhiye.com/social/jobs,是,true,2026-09-26,
CD0036:351615596,CD0036,55,中航（成都）无人机系统股份有限公司,是,A,航空航天,任务系统研发岗（射频专业）(J10468),四川省成都市,四川省成都市,四川省,成都市,,成都,confirmed,研发,社会招聘,2026-09-20,direct_detail,是,high,https://avicuas.zhiye.com/zpdetail/351615596,https://avicuas.zhiye.com/alljob/,是,true,2026-09-26,
CD0036:351615583,CD0036,56,中航（成都）无人机系统股份有限公司,是,A,航空航天,服务保障岗(J10467),四川省成都市,四川省成都市,四川省,成都市,,成都,confirmed,其他,社会招聘,2026-09-20,direct_detail,是,high,https://avicuas.zhiye.com/zpdetail/351615583,https://avicuas.zhiye.com/alljob/,是,true,2026-09-26,
CD0036:351612930,CD0036,57,中航（成都）无人机系统股份有限公司,是,A,航空航天,总体研发岗（气动综合）(J10377),四川省成都市,四川省成都市,四川省,成都市,,成都,confirmed,研发,社会招聘,2026-09-11,direct_detail,是,high,https://avicuas.zhiye.com/zpdetail/351612930,https://avicuas.zhiye.com/alljob/,是,true,2026-09-26,
CD0036:351609456,CD0036,58,中航（成都）无人机系统股份有限公司,是,A,航空航天,财经管理岗(J10398),四川省成都市,四川省成都市,四川省,成都市,,成都,confirmed,职能支持,社会招聘,2026-09-04,direct_detail,是,high,https://avicuas.zhiye.com/zpdetail/351609456,https://avicuas.zhiye.com/alljob/,是,true,2026-09-26,
CD0036:351608572,CD0036,59,中航（成都）无人机系统股份有限公司,是,A,航空航天,结构强度研发岗(J10232),四川省成都市,四川省成都市,四川省,成都市,,成都,confirmed,研发,社会招聘,2026-09-03,direct_detail,是,high,https://avicuas.zhiye.com/zpdetail/351608572,https://avicuas.zhiye.com/alljob/,是,true,2026-09-26,
CD0008|成都锐成芯微科技股份有限公司|存储器设计工程师|成都市,CD0008,60,成都锐成芯微科技股份有限公司,是,A,半导体与集成电路,存储器设计工程师,成都/上海,成都/上海,四川省,成都市,,成都|上海,confirmed,研发,社会招聘,,listing_page,否,low,https://analogcircuit.cn/recruit/800.html,https://analogcircuit.cn/recruit/800.html,是,true,2026-09-26,页面Base标注为成都/上海
CD0007:705,CD0007,61,成都仕芯半导体有限公司,是,A,半导体与集成电路,模拟ic设计师,成都(推定),成都(推定),四川省,成都市,,成都,inferred,研发,社会招聘,2024-09-12,direct_detail,是,medium,https://www.sicoresemi.com/News_Show.php?theId=705,https://www.sicoresemi.com/News_Show.php?theId=705,是,true,2026-09-26,官网新闻页发布的招聘信息，页面未标注工作城市
CD0012|成都光明光电股份有限公司|产品开发|成都市,CD0012,62,成都光明光电股份有限公司,是,A,新材料,产品开发,成都市龙泉驿区,成都市龙泉驿区,四川省,成都市,龙泉驿区,成都,confirmed,研发,校园招聘,,listing_page,否,low,https://www.cdgmgd.com/templates/www.cdgmgd.com/zh_CN/pc/tempmsg/recruitment.htm,https://www.cdgmgd.com/templates/www.cdgmgd.com/zh_CN/pc/tempmsg/recruitment.htm,是,true,2026-09-26,
CD0012|成都光明光电股份有限公司|销售业务员|成都市,CD0012,63,成都光明光电股份有限公司,是,A,新材料,销售业务员,成都市龙泉驿区,成都市龙泉驿区,四川省,成都市,龙泉驿区,成都,confirmed,销售,校园招聘,,listing_page,否,low,https://www.cdgmgd.com/templates/www.cdgmgd.com/zh_CN/pc/tempmsg/recruitment.htm,https://www.cdgmgd.com/templates/www.cdgmgd.com/zh_CN/pc/tempmsg/recruitment.htm,是,true,2026-09-26,
CD0012|成都光明光电股份有限公司|炉窑结构研究|成都市,CD0012,64,成都光明光电股份有限公司,是,A,新材料,炉窑结构研究,成都市龙泉驿区,成都市龙泉驿区,四川省,成都市,龙泉驿区,成都,confirmed,研发,校园招聘,,listing_page,否,low,https://www.cdgmgd.com/templates/www.cdgmgd.com/zh_CN/pc/tempmsg/recruitment.htm,https://www.cdgmgd.com/templates/www.cdgmgd.com/zh_CN/pc/tempmsg/recruitment.htm,是,true,2026-09-26,
CD0012|成都光明光电股份有限公司|控制技术|成都市,CD0012,65,成都光明光电股份有限公司,是,A,新材料,控制技术,成都市龙泉驿区,成都市龙泉驿区,四川省,成都市,龙泉驿区,成都,confirmed,研发,校园招聘,,listing_page,否,low,https://www.cdgmgd.com/templates/www.cdgmgd.com/zh_CN/pc/tempmsg/recruitment.htm,https://www.cdgmgd.com/templates/www.cdgmgd.com/zh_CN/pc/tempmsg/recruitment.htm,是,true,2026-09-26,
CD0012|成都光明光电股份有限公司|信息系统研发|成都市,CD0012,66,成都光明光电股份有限公司,是,A,新材料,信息系统研发,成都市龙泉驿区,成都市龙泉驿区,四川省,成都市,龙泉驿区,成都,confirmed,研发,校园招聘,,listing_page,否,low,https://www.cdgmgd.com/templates/www.cdgmgd.com/zh_CN/pc/tempmsg/recruitment.htm,https://www.cdgmgd.com/templates/www.cdgmgd.com/zh_CN/pc/tempmsg/recruitment.htm,是,true,2026-09-26,
CD0049|成都优博创通信技术股份有限公司|数通光模块硬件总监|成都市,CD0049,67,成都优博创通信技术股份有限公司,是,A,通信与网络设备,数通光模块硬件总监,成都市双流区,成都市双流区,四川省,成都市,双流区,成都,confirmed,研发,社会招聘,,listing_page,否,low,https://www.superxon.cn/jrwm,https://www.superxon.cn/jrwm,是,true,2026-09-26,
CD0049|成都优博创通信技术股份有限公司|光模块硬件工程师|成都市,CD0049,68,成都优博创通信技术股份有限公司,是,A,通信与网络设备,光模块硬件工程师,成都市双流区,成都市双流区,四川省,成都市,双流区,成都,confirmed,研发,社会招聘,,listing_page,否,low,https://www.superxon.cn/jrwm,https://www.superxon.cn/jrwm,是,true,2026-09-26,
CD0049|成都优博创通信技术股份有限公司|国际营销总监|成都市,CD0049,69,成都优博创通信技术股份有限公司,是,A,通信与网络设备,国际营销总监,成都市双流区,成都市双流区,四川省,成都市,双流区,成都,confirmed,销售,社会招聘,,listing_page,否,low,https://www.superxon.cn/jrwm,https://www.superxon.cn/jrwm,是,true,2026-09-26,
CD0050:10022,CD0050,70,成都华日通讯技术股份有限公司,是,A,通信与网络设备,硬件工程师,成都,成都,四川省,成都市,,成都,confirmed,研发,社会招聘,2023-12-04,direct_detail,是,medium,http://www.cdhuari.com/job-detail.html?id=10022,http://www.cdhuari.com/job-detail.html?id=10022,是,true,2026-09-26,
CD0020|成都迅游网络科技股份有限公司|运维开发工程师（成都）|成都市,CD0020,71,成都迅游网络科技股份有限公司,是,A,游戏,运维开发工程师（成都）,成都,成都,四川省,成都市,,成都,confirmed,研发,社会招聘,,listing_page,否,low,https://www.xunyou.com/2014hr/position.shtml,https://www.xunyou.com/2014hr/position.shtml,是,true,2026-09-26,
CD0020|成都迅游网络科技股份有限公司|软件测试（成都）|成都市,CD0020,72,成都迅游网络科技股份有限公司,是,A,游戏,软件测试（成都）,成都,成都,四川省,成都市,,成都,confirmed,研发,社会招聘,,listing_page,否,low,https://www.xunyou.com/2014hr/position.shtml,https://www.xunyou.com/2014hr/position.shtml,是,true,2026-09-26,
CD0020|成都迅游网络科技股份有限公司|自动化测试工程师（成都）|成都市,CD0020,73,成都迅游网络科技股份有限公司,是,A,游戏,自动化测试工程师（成都）,成都,成都,四川省,成都市,,成都,confirmed,研发,社会招聘,,listing_page,否,low,https://www.xunyou.com/2014hr/position.shtml,https://www.xunyou.com/2014hr/position.shtml,是,true,2026-09-26,
CD0020|成都迅游网络科技股份有限公司|C/C++客户端开发工程师（成都）|成都市,CD0020,74,成都迅游网络科技股份有限公司,是,A,游戏,C/C++客户端开发工程师（成都）,成都,成都,四川省,成都市,,成都,confirmed,研发,社会招聘,,listing_page,否,low,https://www.xunyou.com/2014hr/position.shtml,https://www.xunyou.com/2014hr/position.shtml,是,true,2026-09-26,
CD0020|成都迅游网络科技股份有限公司|C++开发工程师（成都）|成都市,CD0020,75,成都迅游网络科技股份有限公司,是,A,游戏,C++开发工程师（成都）,成都,成都,四川省,成都市,,成都,confirmed,研发,社会招聘,,listing_page,否,low,https://www.xunyou.com/2014hr/position.shtml,https://www.xunyou.com/2014hr/position.shtml,是,true,2026-09-26,
CD0037:6,CD0037,76,成都爱乐达航空设备制造股份有限公司,是,A,航空航天,机械工程师,成都,成都,四川省,成都市,,成都,confirmed,生产制造,社会招聘,2023-12-14,direct_detail,是,medium,https://www.cdald.com/recruit-details.aspx?Id=6,https://www.cdald.com/hr-culture.aspx?t=14,是,true,2026-09-26,
CD0043|成都云智天下科技股份有限公司|商务经理|成都市,CD0043,77,成都云智天下科技股份有限公司,是,A,软件与互联网服务,商务经理,成都(推定),成都(推定),四川省,成都市,,成都,inferred,销售,社会招聘,,listing_page,否,low,https://yunzhicloud.com/web-aboutyz/joinus/hiring,https://yunzhicloud.com/web-aboutyz/joinus/hiring,是,true,2026-09-26,页面未标注工作城市
CD0043|成都云智天下科技股份有限公司|高级产品经理|成都市,CD0043,78,成都云智天下科技股份有限公司,是,A,软件与互联网服务,高级产品经理,成都(推定),成都(推定),四川省,成都市,,成都,inferred,产品,社会招聘,,listing_page,否,low,https://yunzhicloud.com/web-aboutyz/joinus/hiring,https://yunzhicloud.com/web-aboutyz/joinus/hiring,是,true,2026-09-26,页面未标注工作城市
CD0043|成都云智天下科技股份有限公司|解决方案工程师|成都市,CD0043,79,成都云智天下科技股份有限公司,是,A,软件与互联网服务,解决方案工程师,成都(推定),成都(推定),四川省,成都市,,成都,inferred,销售,社会招聘,,listing_page,否,low,https://yunzhicloud.com/web-aboutyz/joinus/hiring,https://yunzhicloud.com/web-aboutyz/joinus/hiring,是,true,2026-09-26,页面未标注工作城市
